material_id,Composition,band_gap,crystal_system,State,predicted_state
mp-23202,InI,1.3412,Orthorhombic,1.0,0.0
mp-5459,Nd2TeO2,1.271499999999999,Tetragonal,1.0,1.0
mp-30847,TiSnPt ,0.7908000000000001,Cubic,1.0,1.0
mp-862631,Ba2SbAu ,0.595699999999999,Cubic,1.0,1.0
mp-226,FeS2 ,0.457199999999999,Cubic,1.0,1.0
mp-4930,TiAl2O5 ,2.9434,Orthorhombic,1.0,1.0
mp-568556,Mg2B24C,2.816,Tetragonal,1.0,1.0
mp-4541,NaCuO2,0.4997,Monoclinic,1.0,1.0
mp-720,TlF ,3.205,Orthorhombic,1.0,1.0
mp-23505,K2TeBr6,1.9579,Cubic,0.0,0.0
mp-29379,K3BiTe3 ,1.2282,Cubic,1.0,1.0
mp-989566,Rb2InGaF6 ,3.2609,Cubic,0.0,0.0
mp-541431,Ca2SiH2O5,4.8219,Orthorhombic,1.0,0.0
mp-553248,CsLaNb2O7 ,1.441399999999999,Tetragonal,0.0,0.0
Synthetic,Synthetic,-1.0,Synthetic,0.0,0.0
mp-23022,KClO3,5.4717,Monoclinic,1.0,1.0
mp-9819,RbAsF6 ,5.068799999999999,Trigonal,0.0,0.0
mp-3613,NaErS2 ,2.324499999999999,Trigonal,1.0,1.0
mp-7909,Al2CdTe4 ,1.6245,Tetragonal,1.0,1.0
mp-2652,Y2O3 ,4.097300000000001,Cubic,1.0,1.0
Synthetic,Synthetic,-1.0,Synthetic,0.0,0.0
mp-29396,Cu2PbO2 ,0.629,Monoclinic,1.0,0.0
mp-160,B,1.433399999999999,Trigonal,1.0,1.0
mp-22876,CsI3,1.6766,Orthorhombic,1.0,1.0
mp-15988,Li2CuSb ,0.4535,Cubic,1.0,1.0
mp-29529,NaSnP,0.5826,Hexagonal,1.0,1.0
mp-10182,LiZnP ,1.3386,Cubic,1.0,1.0
mp-7223,Ca3AsN ,0.7169999999999991,Cubic,0.0,0.0
Synthetic,Synthetic,-1.0,Synthetic,0.0,0.0
Synthetic,Synthetic,-1.0,Synthetic,0.0,0.0
mp-989635,CaMoN3 ,0.872599999999999,Monoclinic,0.0,0.0
mp-973185,ScAgO2,2.074,Trigonal,0.0,1.0
mp-23333,Hg3Cl4O,1.4621,Cubic,0.0,0.0
mp-14116,CuRhO2,0.6553000000000001,Trigonal,1.0,1.0
mp-36248,H4BrN,4.0357,Cubic,1.0,1.0
mp-14091,AlAgSe2 ,1.135199999999999,Tetragonal,1.0,1.0
Synthetic,Synthetic,-1.0,Synthetic,0.0,0.0
Synthetic,Synthetic,-1.0,Synthetic,0.0,0.0
mp-1700,AlN ,3.3056,Cubic,1.0,1.0
mp-568170,TbCl3 ,4.1024,Hexagonal,1.0,1.0
mp-27882,Cs2GeCl6 ,2.215,Cubic,1.0,1.0
mp-5977,Nd2Zr2O7 ,3.3281,Cubic,1.0,1.0
mp-553991,Ti(GaO2)4,2.361199999999999,Monoclinic,1.0,1.0
mp-39,Tl ,0.0,Cubic,0.0,0.0
Synthetic,Synthetic,-1.0,Synthetic,0.0,0.0
Synthetic,Synthetic,-1.0,Synthetic,0.0,0.0
mp-20463,CaPbF6,3.455899999999999,Cubic,0.0,0.0
Synthetic,Synthetic,-1.0,Synthetic,0.0,0.0
mp-10969,CdCN2 ,2.3076,Trigonal,1.0,1.0
Synthetic,Synthetic,-1.0,Synthetic,0.0,0.0
mp-23183,NdCl3,4.299799999999999,Hexagonal,1.0,1.0
mp-28568,Rb3CuO2,1.4422,Monoclinic,1.0,1.0
mp-5933,BaTiO3,1.726099999999999,Hexagonal,0.0,0.0
mp-22947,K2ReCl6 ,1.0776,Cubic,0.0,0.0
Synthetic,Synthetic,-1.0,Synthetic,0.0,0.0
mp-7939,NaNbSe2,0.5013999999999991,Hexagonal,1.0,1.0
mp-19795,InS,1.3508,Orthorhombic,1.0,1.0
mp-4809,Ga2HgS4 ,1.5707,Tetragonal,1.0,1.0
mp-23164,Bi2Se3 ,0.9577999999999992,Orthorhombic,0.0,0.0
mp-3359,Ba2SnO4 ,2.442199999999999,Tetragonal,1.0,1.0
Synthetic,Synthetic,-1.0,Synthetic,0.0,0.0
Synthetic,Synthetic,-1.0,Synthetic,0.0,0.0
Synthetic,Synthetic,-1.0,Synthetic,0.0,0.0
Synthetic,Synthetic,-1.0,Synthetic,0.0,0.0
mp-14398,CaSn(BO3)2,3.7069,Trigonal,1.0,1.0
mp-865280,NbAlFe2,0.3207,Cubic,1.0,1.0
mp-754883,KHoO2 ,3.9742,Trigonal,1.0,1.0
mp-10074,GeSe2 ,1.5188,Tetragonal,1.0,1.0
mp-634,HgS ,1.7077,Trigonal,1.0,1.0
mp-22255,RbInTe2 ,1.1111,Tetragonal,1.0,1.0
Synthetic,Synthetic,-1.0,Synthetic,0.0,0.0
Synthetic,Synthetic,-1.0,Synthetic,0.0,0.0
Synthetic,Synthetic,-1.0,Synthetic,0.0,0.0
mp-10616,BaLiAs,0.5928,Hexagonal,1.0,1.0
Synthetic,Synthetic,-1.0,Synthetic,0.0,0.0
mp-29666,Bi2Te2Se ,0.544199999999999,Trigonal,0.0,0.0
mp-6150,Na4Zr2(SiO4)3,4.321199999999999,Trigonal,0.0,0.0
Synthetic,Synthetic,-1.0,Synthetic,0.0,0.0
mp-5151,Cd4GeS6,1.354899999999999,Monoclinic,1.0,1.0
Synthetic,Synthetic,-1.0,Synthetic,0.0,0.0
mp-3107,Ga3PO7 ,3.1305,Trigonal,0.0,0.0
Synthetic,Synthetic,-1.0,Synthetic,0.0,0.0
mp-12558,LiMgAs ,1.372299999999999,Cubic,1.0,1.0
mp-35785,Y2CdS4 ,1.1109,Cubic,1.0,1.0
mp-6270,Ba2LiReO6 ,1.8198,Cubic,1.0,0.0
Synthetic,Synthetic,-1.0,Synthetic,0.0,0.0
mp-7906,Al2HgS4 ,2.0244,Tetragonal,1.0,1.0
Synthetic,Synthetic,-1.0,Synthetic,0.0,0.0
mp-776490,Al2O3 ,5.815900000000001,Orthorhombic,1.0,1.0
mp-8882,GaP ,1.3002,Hexagonal,1.0,1.0
mp-8262,K2P3,0.7095,Orthorhombic,1.0,1.0
Synthetic,Synthetic,-1.0,Synthetic,0.0,0.0
mp-22936, Ca2NCl,2.371,Trigonal,1.0,1.0
mp-989551,LiTl2InF6,4.1011,Cubic,0.0,0.0
mp-551900,PrBi2BrO4,1.2269,Tetragonal,1.0,1.0
Synthetic,Synthetic,-1.0,Synthetic,0.0,0.0
Synthetic,Synthetic,-1.0,Synthetic,0.0,0.0
mp-2201,PbSe,0.425699999999999,Cubic,0.0,0.0
mp-5489,LuTaO4 ,4.3218,Monoclinic,0.0,1.0
mp-37657,Ca3SiO5,2.9146,Hexagonal,1.0,1.0
mp-1705,Sb2O5 ,0.5057,Monoclinic,1.0,1.0
mp-568005,YbCsBr3,4.3382,Cubic,0.0,0.0
mp-27438,TlBiTe2 ,0.468399999999999,Trigonal,0.0,0.0
mp-23054,NaBiO3 ,1.096399999999999,Trigonal,1.0,1.0
mp-753774,KTmO2,3.9715,Trigonal,1.0,1.0
mp-989580,Cs2KNF6,2.9855,Cubic,0.0,0.0
mp-34293,CsTaN2 ,2.1446,Tetragonal,0.0,0.0
mp-37091,Sr(AlTe2)2,1.4454,Tetragonal,1.0,1.0
mp-23067,K2PdCl6,1.2027,Cubic,1.0,0.0
mp-752849,Y2Pb2O7 ,0.998699999999999,Cubic,1.0,1.0
mp-844,Ca3N2,1.3497,Cubic,1.0,1.0
mp-4324,Tm2CdS4 ,1.1785,Cubic,1.0,1.0
mp-755450,La2Ce2O7 ,2.1894,Cubic,1.0,1.0
mp-561203,F2 ,2.8962,Monoclinic,0.0,0.0
mp-827, KN3,3.8956,Tetragonal,1.0,1.0
mp-22904,CaCl2 ,5.3533,Tetragonal,0.0,0.0
mp-22957,SrClF,5.9377,Tetragonal,1.0,1.0
mp-754596,RbGaO2 ,2.4653,Cubic,0.0,0.0
Synthetic,Synthetic,-1.0,Synthetic,0.0,0.0
mp-6204,Cs2NaScF6 ,6.8066,Cubic,1.0,0.0
mp-31220,AlSiTe3,1.2504,Trigonal,1.0,1.0
Synthetic,Synthetic,-1.0,Synthetic,0.0,0.0
mp-20459,TiPbO3,1.812999999999999,Tetragonal,0.0,0.0
Synthetic,Synthetic,-1.0,Synthetic,0.0,0.0
mp-19734,MgPbF6 ,3.0406,Trigonal,1.0,1.0
Synthetic,Synthetic,-1.0,Synthetic,0.0,0.0
Synthetic,Synthetic,-1.0,Synthetic,0.0,0.0
mp-865965,Li2CaSi,0.0,Cubic,1.0,1.0
mp-3953,CaCO3 ,4.999499999999999,Trigonal,1.0,1.0
mp-27927,NbAlO4 ,3.3835,Monoclinic,1.0,1.0
mp-2341,Li3N ,1.218,Hexagonal,0.0,0.0
mp-2659,LiN3 ,3.6364,Monoclinic,1.0,1.0
mp-3943,BaTi2O5 ,1.8301,Monoclinic,0.0,0.0
mp-10390,Ta2O5,1.2267,Monoclinic,1.0,1.0
mp-13900,Sr(CuO)2,1.815999999999999,Tetragonal,1.0,0.0
mp-36029,ErAgS2 ,0.6724999999999991,Tetragonal,0.0,0.0
mp-4471,ScAlO3,4.591900000000001,Orthorhombic,1.0,1.0
Synthetic,Synthetic,-1.0,Synthetic,0.0,0.0
Synthetic,Synthetic,-1.0,Synthetic,0.0,0.0
mp-31064,B6H10N ,5.6566,Cubic,0.0,0.0
Synthetic,Synthetic,-1.0,Synthetic,0.0,0.0
mp-23846,KHF2 ,6.9658,Tetragonal,1.0,1.0
mp-35717,LiDySe2,1.668899999999999,Tetragonal,1.0,1.0
mp-13548,Cs2Pt ,1.6743,Hexagonal,0.0,0.0
Synthetic,Synthetic,-1.0,Synthetic,0.0,0.0
mp-11793,SmCuSe2 ,0.8167999999999991,Monoclinic,1.0,1.0
mp-540783,OsO4 ,3.2877,Monoclinic,1.0,1.0
Synthetic,Synthetic,-1.0,Synthetic,0.0,0.0
mp-5840,LiScO2,3.904,Tetragonal,1.0,1.0
Synthetic,Synthetic,-1.0,Synthetic,0.0,0.0
Synthetic,Synthetic,-1.0,Synthetic,0.0,0.0
mp-7891,Mg3As2 ,0.0,Trigonal,1.0,1.0
Synthetic,Synthetic,-1.0,Synthetic,0.0,0.0
mp-861937,Ba2AsAu ,0.5211,Cubic,1.0,1.0
Synthetic,Synthetic,-1.0,Synthetic,0.0,0.0
mp-3336,LaGaO3 ,3.3802,Trigonal,0.0,0.0
Synthetic,Synthetic,-1.0,Synthetic,0.0,0.0
mp-23507,InSn2Br5 ,2.305,Tetragonal,0.0,0.0
mp-685991,Li5SiP3 ,1.3160999999999992,Monoclinic,1.0,1.0
mp-23711,MgH2 ,3.6284,Orthorhombic,1.0,1.0
Synthetic,Synthetic,-1.0,Synthetic,0.0,0.0
mp-866650,La2Si4CN6 ,2.335599999999999,Orthorhombic,0.0,0.0
mp-3970,K2TiF6 ,4.7349,Trigonal,1.0,1.0
mp-12516,NdZnSbO ,0.1854,Tetragonal,0.0,0.0
Synthetic,Synthetic,-1.0,Synthetic,0.0,0.0
Synthetic,Synthetic,-1.0,Synthetic,0.0,0.0
mp-560767,KNaTiO3 ,3.542,Monoclinic,1.0,1.0
Synthetic,Synthetic,-1.0,Synthetic,0.0,0.0
mp-30242,Mg4H2O5 ,4.0052,Trigonal,0.0,0.0
mp-568560,TlBr ,2.2962,Cubic,1.0,1.0
mp-5634,NdOF ,4.5028,Trigonal,1.0,1.0
mp-989545,Rb2NaSbCl6,3.052499999999999,Cubic,0.0,0.0
mp-10784,RbErSe2 ,1.9769,Trigonal,1.0,1.0
mp-28797,YHSe ,1.5072,Hexagonal,1.0,1.0
mp-865648,Yb2CdPb ,0.0,Cubic,1.0,1.0
Synthetic,Synthetic,-1.0,Synthetic,0.0,0.0
mp-37906,LiMgN ,2.4462,Cubic,1.0,1.0
mp-870,TlN3 ,1.7584,Tetragonal,0.0,0.0
mp-13313,ScTlSe2 ,0.6146,Trigonal,1.0,1.0
mp-3342,ZnPS3 ,1.98,Monoclinic,0.0,0.0
mp-905,LaF3 ,6.042899999999999,Trigonal,1.0,1.0
mp-5046,BeSO4 ,6.9502,Tetragonal,0.0,0.0
mp-8289,SnF3,2.7195,Cubic,0.0,0.0
mp-9254,Al2Te5 ,1.046099999999999,Monoclinic,1.0,1.0
mp-4812,Zn4B6O13,3.4134,Cubic,0.0,0.0
Synthetic,Synthetic,-1.0,Synthetic,0.0,0.0
mp-30161,Si2CN4 ,4.3744,Orthorhombic,0.0,0.0
mp-21879,Ba2CePtO6 ,1.420399999999999,Cubic,1.0,1.0
mp-753541,LiCuF4 ,0.931199999999999,Tetragonal,0.0,0.0
mp-561751,CsErS2 ,2.1441,Trigonal,1.0,1.0
mp-5503,ErTaO4 ,4.0517,Monoclinic,1.0,1.0
mp-2910,KAlF4,6.9377,Tetragonal,0.0,0.0
mp-2874,In2Si2O7 ,2.7009,Monoclinic,1.0,1.0
Synthetic,Synthetic,-1.0,Synthetic,0.0,0.0
mp-684679,Sb6O13,1.5408,Monoclinic,0.0,0.0
Synthetic,Synthetic,-1.0,Synthetic,0.0,0.0
mp-8666,CsAgO,1.4719,Tetragonal,1.0,1.0
mp-28067,ThIN ,2.6859,Tetragonal,1.0,1.0
Synthetic,Synthetic,-1.0,Synthetic,0.0,0.0
mp-13815,Rb2NaErF6 ,6.4981,Cubic,0.0,0.0
mp-696752, KP(HO2)2,5.6046,Tetragonal,0.0,0.0
mp-4887,BaCeN2 ,0.6481,Hexagonal,1.0,1.0
mp-510346,In5Se5Br ,0.7435,Orthorhombic,1.0,0.0
mp-643718,BaMgH4 ,2.3007,Orthorhombic,1.0,1.0
mp-23309,ScCl3,3.8723,Trigonal,0.0,0.0
mp-29456,Rb2IN3 ,3.9553,Tetragonal,1.0,1.0
mp-3384,Er3Al5O12 ,4.758,Cubic,1.0,1.0
mp-14796,KPt2Se3 ,0.9439,Trigonal,1.0,1.0
mp-5525,KAlO2,3.999399999999999,Orthorhombic,0.0,0.0
mp-8874,LiSiBO4 ,6.4308,Tetragonal,1.0,1.0
Synthetic,Synthetic,-1.0,Synthetic,0.0,0.0
mp-554089,SiO2 ,5.660399999999999,Orthorhombic,1.0,0.0
mp-9194,SmCuSeO ,1.286499999999999,Tetragonal,1.0,0.0
Synthetic,Synthetic,-1.0,Synthetic,0.0,0.0
mp-20815,SnPbF4 ,3.3352,Tetragonal,0.0,0.0
mp-753798,Rb2SnO3,2.121299999999999,Orthorhombic,1.0,1.0
mp-27455,YCl3 ,4.9301,Monoclinic,0.0,0.0
mp-989512,LiTl2InCl6,2.8771,Cubic,0.0,0.0
Synthetic,Synthetic,-1.0,Synthetic,0.0,0.0
Synthetic,Synthetic,-1.0,Synthetic,0.0,0.0
Synthetic,Synthetic,-1.0,Synthetic,0.0,0.0
mp-675531,NaBiS2 ,1.2317,Orthorhombic,1.0,1.0
Synthetic,Synthetic,-1.0,Synthetic,0.0,0.0
mp-567636,VFeSb ,0.3487,Cubic,1.0,1.0
mp-3955,AlPO4 ,5.6177,Trigonal,0.0,0.0
Synthetic,Synthetic,-1.0,Synthetic,0.0,0.0
mp-4519,KPrO2,3.6626,Trigonal,1.0,1.0
mp-2131,SrN6 ,3.6681,Orthorhombic,1.0,1.0
Synthetic,Synthetic,-1.0,Synthetic,0.0,0.0
Synthetic,Synthetic,-1.0,Synthetic,0.0,0.0
mp-14105,AlTlO2 ,2.196999999999999,Cubic,0.0,0.0
mp-20817,GePtSe,0.6596000000000001,Orthorhombic,0.0,0.0
mp-28364,Rb2CdO2,1.3109,Orthorhombic,1.0,1.0
mp-10985,RbCu3S2 ,0.4676,Monoclinic,1.0,1.0
mp-7173,ScSbPt ,0.644099999999999,Cubic,1.0,1.0
mp-6822,NaGa(SiO3)2,4.1707,Monoclinic,1.0,0.0
mp-989514,Cs2NaSbCl6 ,2.8096,Cubic,0.0,0.0
mp-981379,Zn3CdS4,1.6798000000000002,Cubic,1.0,1.0
Synthetic,Synthetic,-1.0,Synthetic,0.0,0.0
Synthetic,Synthetic,-1.0,Synthetic,0.0,0.0
mp-16905,Ba2MnTe3 ,0.825199999999999,Orthorhombic,1.0,1.0
mp-5929,Na5SiP3,1.325099999999999,Monoclinic,1.0,1.0
mp-473,Na3P11 ,1.623899999999999,Orthorhombic,1.0,1.0
mp-23004,CsMgCl3,5.126099999999999,Hexagonal,0.0,0.0
mp-3042,K2SiF6 ,7.2234,Cubic,1.0,1.0
mp-20940,TiCdO3 ,2.4636,Orthorhombic,0.0,0.0
Synthetic,Synthetic,-1.0,Synthetic,0.0,0.0
mp-3376,Sr2SnO4 ,2.578,Tetragonal,0.0,1.0
mp-12954,CuBS2,1.742499999999999,Tetragonal,1.0,1.0
mp-15795,LiDySe2 ,1.534799999999999,Trigonal,1.0,1.0
mp-22888,CaBr2,4.5304,Orthorhombic,1.0,1.0
mp-16613,AlAuO2 ,0.5888,Hexagonal,1.0,1.0
mp-2884,Cs2Mn3S4 ,0.409699999999999,Orthorhombic,1.0,1.0
mp-632319,CsH ,2.5693,Cubic,1.0,1.0
Synthetic,Synthetic,-1.0,Synthetic,0.0,0.0
mp-864617,NdI3 ,2.0128,Hexagonal,0.0,0.0
mp-2789,NO2 ,2.8265,Cubic,0.0,0.0
mp-1146,ThS2 ,1.033599999999999,Orthorhombic,1.0,1.0
Synthetic,Synthetic,-1.0,Synthetic,0.0,0.0
Synthetic,Synthetic,-1.0,Synthetic,0.0,0.0
mp-754358,ZnSeO4 ,1.818899999999999,Orthorhombic,1.0,1.0
mp-556094,AgBiSCl2 ,1.0752,Orthorhombic,1.0,1.0
mp-4340,TbPO4 ,5.8675,Tetragonal,1.0,1.0
mp-16136,Sr3TaGa3(SiO7)2 ,3.8537999999999992,Trigonal,1.0,1.0
Synthetic,Synthetic,-1.0,Synthetic,0.0,0.0
Synthetic,Synthetic,-1.0,Synthetic,0.0,0.0
mp-22956,K2PdCl4 ,1.4279,Tetragonal,1.0,1.0
Synthetic,Synthetic,-1.0,Synthetic,0.0,0.0
mp-754475,Tm2SeO2,1.6778,Tetragonal,0.0,0.0
mp-5967,TiCoSb ,1.043199999999999,Cubic,1.0,1.0
Synthetic,Synthetic,-1.0,Synthetic,0.0,0.0
Synthetic,Synthetic,-1.0,Synthetic,0.0,0.0
mp-14006,BaGeF6,5.6043,Trigonal,0.0,0.0
mp-29826,ZnCN2,3.4511,Tetragonal,0.0,0.0
mp-8256,ZnPtF6,2.0919,Trigonal,1.0,1.0
mp-570097, Sr(Li2P)2,0.9758999999999992,Trigonal,1.0,1.0
mp-573755,CsTeAu ,1.297699999999999,Orthorhombic,1.0,1.0
Synthetic,Synthetic,-1.0,Synthetic,0.0,0.0
mp-966800,InP ,0.527999999999999,Hexagonal,1.0,1.0
mp-22880,Feb r2,0.0,Trigonal,0.0,0.0
mp-38103,NaClO4 ,5.304,Tetragonal,1.0,1.0
Synthetic,Synthetic,-1.0,Synthetic,0.0,0.0
Synthetic,Synthetic,-1.0,Synthetic,0.0,0.0
Synthetic,Synthetic,-1.0,Synthetic,0.0,0.0
mp-22934,K2PtCl4 ,1.819599999999999,Tetragonal,1.0,1.0
mp-19886,ThSnPt ,0.6738000000000001,Cubic,1.0,1.0
mp-13725,Li3PO4 ,5.818099999999999,Orthorhombic,1.0,1.0
mp-6065,Sr2GaSbO6,0.7291000000000001,Cubic,0.0,0.0
Synthetic,Synthetic,-1.0,Synthetic,0.0,0.0
Synthetic,Synthetic,-1.0,Synthetic,0.0,0.0
mp-989533,NaTl2InF6,4.274699999999999,Cubic,1.0,0.0
mp-568592,ZrNCl ,1.745099999999999,Trigonal,1.0,1.0
mp-409,NaS,0.8685,Hexagonal,1.0,1.0
mp-29624,Mg2Al2Se5 ,1.936099999999999,Trigonal,1.0,1.0
mp-21489,Rb2PbO3 ,1.2033,Orthorhombic,1.0,1.0
mp-6391,Na2ZnSiO4 ,3.174299999999999,Monoclinic,1.0,1.0
mp-2961,MgSiP2 ,1.3728,Tetragonal,1.0,1.0
mp-552934,Ba2CuBrO2 ,2.307299999999999,Trigonal,1.0,1.0
mp-561877,HoF3 ,7.7482,Orthorhombic,1.0,1.0
mp-924129,ZrNiSn ,0.4954,Cubic,1.0,1.0
mp-20716,PbSeO3 ,2.8909,Monoclinic,0.0,0.0
mp-2964,NaNO2 ,2.4493,Orthorhombic,1.0,1.0
mp-23513,K2PtCl6 ,1.8566,Cubic,0.0,0.0
mp-23260,BaI2,3.4525,Orthorhombic,1.0,1.0
mp-8446,K2CuP ,1.1421,Orthorhombic,1.0,1.0
mp-8630,SbIrS ,1.3963,Cubic,1.0,1.0
Synthetic,Synthetic,-1.0,Synthetic,0.0,0.0
Synthetic,Synthetic,-1.0,Synthetic,0.0,0.0
mp-165,Si ,0.438899999999999,Hexagonal,0.0,0.0
Synthetic,Synthetic,-1.0,Synthetic,0.0,0.0
mp-551092,KLiZnO2 ,2.258,Monoclinic,1.0,1.0
mp-29145,H3N ,4.3412,Cubic,1.0,1.0
mp-23263,LaBr3 ,2.9266,Hexagonal,1.0,1.0
mp-3982,KCuO2 ,0.8706,Orthorhombic,0.0,0.0
mp-9672,K2NiP2,0.6445000000000001,Orthorhombic,1.0,1.0
mp-706,HgF,1.7704,Tetragonal,1.0,1.0
mp-15951,BeF2,8.319600000000001,Trigonal,0.0,0.0
mp-5414,NaSbS2 ,0.8857,Monoclinic,0.0,0.0
Synthetic,Synthetic,-1.0,Synthetic,0.0,0.0
mp-22003,NaN3 ,4.0268,Trigonal,0.0,1.0
mp-20027,FeP2 ,0.4327,Orthorhombic,1.0,1.0
Synthetic,Synthetic,-1.0,Synthetic,0.0,0.0
mp-676,CaN6,3.4205,Orthorhombic,1.0,1.0
mp-5986,BaTiO3 ,1.727999999999999,Tetragonal,0.0,0.0
mp-556004,Ba3In2Br2O5 ,1.2907,Tetragonal,0.0,0.0
mp-8873,LiGeBO4,4.526400000000001,Tetragonal,1.0,1.0
mp-9636,CsSbF6 ,5.0381,Trigonal,0.0,0.0
mp-8279,Ba(CdP)2,0.6835999999999991,Trigonal,1.0,1.0
mp-6824,Na2ZrSi4O11 ,4.5795,Monoclinic,0.0,0.0
mp-15179,Pr2S3 ,0.7775000000000001,Orthorhombic,1.0,1.0
mp-40189,BaLiLaTeO6,3.007399999999999,Cubic,0.0,0.0
mp-4991,Tb2Sn2O7 ,2.7218,Cubic,1.0,1.0
mp-552992,DyBi2BrO4,1.329,Tetragonal,1.0,1.0
mp-24428,KH2N ,2.0676,Monoclinic,1.0,1.0
Synthetic,Synthetic,-1.0,Synthetic,0.0,0.0
mp-1500,BaS ,2.1488,Cubic,1.0,1.0
Synthetic,Synthetic,-1.0,Synthetic,0.0,0.0
Synthetic,Synthetic,-1.0,Synthetic,0.0,0.0
mp-9195,BaCuSeF ,1.4265,Tetragonal,0.0,0.0
mp-22304,Cd(InSe2)2,0.956399999999999,Tetragonal,1.0,1.0
mp-552292,SmBi2IO4 ,1.3061,Tetragonal,1.0,1.0
Synthetic,Synthetic,-1.0,Synthetic,0.0,0.0
mp-643243,Cs2H6Pt,3.908299999999999,Cubic,0.0,0.0
mp-568284,SrI2 ,3.801999999999999,Orthorhombic,1.0,1.0
mp-19845,TiPbO3 ,1.585,Cubic,1.0,0.0
Synthetic,Synthetic,-1.0,Synthetic,0.0,0.0
mp-755478,CdBiO3 ,0.766999999999999,Trigonal,1.0,1.0
mp-21855,VCu3Se4 ,0.8164,Cubic,1.0,1.0
mp-6686,K2NaInF6,5.2445,Cubic,0.0,0.0
Synthetic,Synthetic,-1.0,Synthetic,0.0,0.0
Synthetic,Synthetic,-1.0,Synthetic,0.0,0.0
Synthetic,Synthetic,-1.0,Synthetic,0.0,0.0
Synthetic,Synthetic,-1.0,Synthetic,0.0,0.0
Synthetic,Synthetic,-1.0,Synthetic,0.0,0.0
mp-672,CdS,1.125,Hexagonal,1.0,1.0
mp-644271,LiHS ,3.7777,Orthorhombic,0.0,0.0
mp-3671,NaNbO3 ,2.3565,Orthorhombic,0.0,0.0
mp-23021,K2ReBr6 ,0.97,Cubic,0.0,0.0
Synthetic,Synthetic,-1.0,Synthetic,0.0,0.0
mp-753371,LiCuS,2.1214,Tetragonal,0.0,0.0
Synthetic,Synthetic,-1.0,Synthetic,0.0,0.0
mp-753802,Sc2Ti2O7 ,3.5737,Monoclinic,1.0,1.0
mp-7523,Th2TeN2 ,1.6182999999999992,Tetragonal,1.0,1.0
mp-12647,TbNbO4,3.5125,Monoclinic,0.0,0.0
Synthetic,Synthetic,-1.0,Synthetic,0.0,0.0
mp-3881,BaZnF4 ,4.5489,Orthorhombic,0.0,0.0
mp-4961,Na2HgO2 ,1.6474000000000002,Tetragonal,1.0,1.0
Synthetic,Synthetic,-1.0,Synthetic,0.0,0.0
mp-190,ReO3,0.0,Cubic,0.0,0.0
Synthetic,Synthetic,-1.0,Synthetic,0.0,0.0
Synthetic,Synthetic,-1.0,Synthetic,0.0,0.0
mp-24150,LiNd2HO3 ,1.8718999999999992,Orthorhombic,1.0,1.0
Synthetic,Synthetic,-1.0,Synthetic,0.0,0.0
Synthetic,Synthetic,-1.0,Synthetic,0.0,0.0
Synthetic,Synthetic,-1.0,Synthetic,0.0,0.0
mp-4820,ZrSiO4 ,4.1495,Tetragonal,1.0,1.0
mp-4495,KLiTe ,2.4134,Tetragonal,1.0,1.0
Synthetic,Synthetic,-1.0,Synthetic,0.0,0.0
mp-1138,LiF ,8.7161,Cubic,1.0,1.0
mp-7618,Cs3YF6 ,5.3385,Tetragonal,0.0,0.0
Synthetic,Synthetic,-1.0,Synthetic,0.0,0.0
Synthetic,Synthetic,-1.0,Synthetic,0.0,0.0
mp-10497,SrC2 ,2.2919,Monoclinic,1.0,1.0
Synthetic,Synthetic,-1.0,Synthetic,0.0,0.0
Synthetic,Synthetic,-1.0,Synthetic,0.0,0.0
Synthetic,Synthetic,-1.0,Synthetic,0.0,0.0
mp-8830,NaRhO2 ,1.377399999999999,Trigonal,1.0,1.0
mp-29398,Cs2HfI6 ,2.2062,Cubic,1.0,1.0
mp-753671,PNO,5.1181,Orthorhombic,0.0,0.0
Synthetic,Synthetic,-1.0,Synthetic,0.0,1.0
mp-1266,Na2Se ,2.0153,Cubic,1.0,1.0
mp-550111,SmBi2BrO4 ,1.278299999999999,Tetragonal,1.0,1.0
mp-5020,BaTiO3 ,2.5087,Trigonal,0.0,0.0
Synthetic,Synthetic,-1.0,Synthetic,0.0,0.0
mp-23860,SrHCl ,4.044700000000001,Tetragonal,1.0,1.0
Synthetic,Synthetic,-1.0,Synthetic,0.0,0.0
mp-27888,Zr3GeO8 ,3.9016,Tetragonal,1.0,1.0
Synthetic,Synthetic,-1.0,Synthetic,0.0,0.0
mp-634859,CaO2 ,2.7345,Tetragonal,0.0,0.0
Synthetic,Synthetic,-1.0,Synthetic,0.0,0.0
mp-989605,Cs2RbInF6 ,5.3728,Cubic,0.0,0.0
Synthetic,Synthetic,-1.0,Synthetic,0.0,0.0
mp-23797,LiH6ClO7 ,5.2939,Hexagonal,0.0,0.0
mp-20820,Pb(NO3)2,3.5995,Cubic,1.0,0.0
mp-1415,CaSe ,2.0728,Cubic,1.0,1.0
mp-23060,Cs2PtI6 ,0.655099999999999,Cubic,1.0,1.0
mp-23341,Bi2Pt2O7 ,0.7805000000000001,Cubic,1.0,1.0
mp-7191,Sr3GaN3 ,0.5667000000000001,Hexagonal,1.0,1.0
mp-571594,K3AgSn3Se8 ,1.3566,Tetragonal,1.0,1.0
mp-755323,DyClO ,5.167300000000001,Tetragonal,1.0,1.0
mp-862754,PrBS3 ,2.4441,Orthorhombic,1.0,1.0
mp-41219,BaLiPrTeO6 ,3.2392,Cubic,0.0,0.0
Synthetic,Synthetic,-1.0,Synthetic,0.0,0.0
mp-14338,Cs2Pt3Se4 ,1.3326,Orthorhombic,1.0,1.0
mp-8407,Li3LaP2 ,0.673999999999999,Trigonal,0.0,0.0
mp-23780,Na3H(SO4)2,5.3131,Monoclinic,0.0,0.0
mp-2931,Li2TiO3 ,3.0338,Monoclinic,0.0,0.0
mp-23205,MgI2 ,3.6162,Trigonal,1.0,1.0
mp-38035,SrCO3,4.6569,Trigonal,0.0,0.0
mp-7601,NbGaO4 ,3.4012,Monoclinic,1.0,1.0
mp-10175,KCdF3 ,3.1006,Cubic,0.0,0.0
Synthetic,Synthetic,-1.0,Synthetic,0.0,0.0
Synthetic,Synthetic,-1.0,Synthetic,0.0,0.0
mp-4823,Na2PdC2,0.8829,Trigonal,1.0,1.0
mp-23915,Ca2Al3Si3HO13 ,5.2562,Orthorhombic,1.0,1.0
mp-7476,RbDyO2 ,3.602,Trigonal,1.0,1.0
Synthetic,Synthetic,-1.0,Synthetic,0.0,0.0
Synthetic,Synthetic,-1.0,Synthetic,0.0,0.0
mp-28020,AlCuCl4,2.5112,Tetragonal,0.0,0.0
mp-3952,BaY2O4,3.2515,Orthorhombic,1.0,1.0
mp-760415,Li3SbS4,2.1388,Tetragonal,1.0,1.0
Synthetic,Synthetic,-1.0,Synthetic,0.0,0.0
mp-2672,K2O2 ,2.3575,Orthorhombic,1.0,1.0
mp-1672,CaS ,2.3819,Cubic,1.0,1.0
mp-989541,Rb2NaSbF6 ,4.124899999999999,Cubic,0.0,0.0
mp-625397,Nd(HO)3,3.7396,Hexagonal,0.0,0.0
Synthetic,Synthetic,-1.0,Synthetic,0.0,0.0
Synthetic,Synthetic,-1.0,Synthetic,0.0,0.0
mp-23214,CaCl2,5.3978,Orthorhombic,1.0,0.0
mp-567681,CsPbBr3 ,2.8808,Orthorhombic,0.0,0.0
mp-976291,LiAlH4,4.0072,Tetragonal,1.0,1.0
mp-7483,KHgF3,0.6082000000000001,Cubic,0.0,0.0
mp-2469,CdS ,1.0492,Cubic,1.0,1.0
mp-754246,TiSnO3 ,1.1086,Trigonal,0.0,0.0
Synthetic,Synthetic,-1.0,Synthetic,0.0,0.0
mp-6228,Na2TiGeO5,3.2391,Tetragonal,1.0,1.0
mp-3524,LiPN2 ,3.801599999999999,Tetragonal,1.0,1.0
mp-33526,LiBiS2,1.1315,Tetragonal,1.0,1.0
mp-8880,AlP,1.9532999999999991,Hexagonal,1.0,1.0
Synthetic,Synthetic,-1.0,Synthetic,0.0,0.0
mp-6134,LiCaAlF6 ,7.6448,Trigonal,1.0,1.0
mp-7921,MgPdF6 ,1.8285,Trigonal,1.0,1.0
mp-23068,NdBrO ,4.483099999999999,Tetragonal,1.0,1.0
mp-3677,MgSiN2,3.9662,Orthorhombic,1.0,1.0
mp-555434,As2O5 ,1.628499999999999,Tetragonal,0.0,0.0
Synthetic,Synthetic,-1.0,Synthetic,0.0,0.0
mp-3637,YOF ,4.9203,Trigonal,1.0,1.0
Synthetic,Synthetic,-1.0,Synthetic,0.0,0.0
Synthetic,Synthetic,-1.0,Synthetic,0.0,0.0
mp-16755, Mg(AlS2)2,2.014999999999999,Trigonal,0.0,0.0
Synthetic,Synthetic,-1.0,Synthetic,0.0,0.0
mp-570747,N2 ,6.739,Tetragonal,0.0,0.0
mp-29025,Li5Br2N ,2.0781,Orthorhombic,1.0,1.0
Synthetic,Synthetic,-1.0,Synthetic,0.0,0.0
mp-22916,NaBr ,4.0895,Cubic,1.0,1.0
Synthetic,Synthetic,-1.0,Synthetic,0.0,0.0
mp-23056,Sr2BrN ,1.8455,Trigonal,1.0,1.0
mp-7297,Cs2SnF6 ,5.3369,Trigonal,1.0,1.0
mp-755309,Li3NbS4,2.8348,Cubic,1.0,1.0
Synthetic,Synthetic,-1.0,Synthetic,0.0,0.0
Synthetic,Synthetic,-1.0,Synthetic,0.0,0.0
mp-5513,Tl3VS4 ,1.9554,Cubic,0.0,0.0
mp-27865,KMgCl3 ,4.4851,Orthorhombic,1.0,0.0
Synthetic,Synthetic,-1.0,Synthetic,0.0,0.0
mp-30251,YAuO2 ,2.686199999999999,Hexagonal,0.0,1.0
Synthetic,Synthetic,-1.0,Synthetic,0.0,0.0
mp-560530,Nb2Cd2O7,1.9353999999999991,Orthorhombic,0.0,0.0
mp-568388,BiI ,0.8279000000000001,Monoclinic,1.0,0.0
Synthetic,Synthetic,-1.0,Synthetic,0.0,0.0
mp-569450,LiB6C ,1.392199999999999,Orthorhombic,1.0,1.0
mp-643,ThO2 ,4.4187,Cubic,1.0,1.0
mp-7480,RbLuO2 ,3.693099999999999,Trigonal,1.0,1.0
mp-560037,Rb2NaBiF6 ,4.9249,Cubic,0.0,0.0
mp-643727,HPbBrO ,3.1006,Orthorhombic,1.0,1.0
mp-2920,LaAlO3,4.0189,Trigonal,0.0,0.0
mp-9575,LiBeSb ,0.8731,Hexagonal,1.0,1.0
mp-545482,PdSeO3,1.0589,Monoclinic,1.0,1.0
mp-11175,LiZnPS4 ,2.731199999999999,Tetragonal,1.0,1.0
Synthetic,Synthetic,-1.0,Synthetic,0.0,0.0
mp-4200,ScPO4 ,4.193899999999999,Tetragonal,1.0,1.0
mp-7041,CaHgO2,2.125,Trigonal,1.0,1.0
mp-8354,LaF3 ,5.761,Hexagonal,0.0,0.0
mp-9665,K3BAs2 ,1.3129,Monoclinic,0.0,0.0
mp-909,As2Se3 ,1.4466,Monoclinic,1.0,0.0
Synthetic,Synthetic,-1.0,Synthetic,0.0,0.0
mp-29136,Sr6Cu3N5 ,0.4772,Tetragonal,1.0,1.0
mp-562854,CsNb2BiO7,2.4818,Orthorhombic,0.0,0.0
mp-561536,NaMgBO3,3.5852,Monoclinic,0.0,0.0
Synthetic,Synthetic,-1.0,Synthetic,0.0,0.0
mp-10474,NaPF6 ,7.0251,Cubic,0.0,0.0
mp-29484,K4HgAs2 ,0.6976000000000001,Trigonal,1.0,1.0
mp-4431,Ag3AsS3 ,1.177099999999999,Trigonal,0.0,0.0
Synthetic,Synthetic,-1.0,Synthetic,0.0,0.0
Synthetic,Synthetic,-1.0,Synthetic,0.0,0.0
mp-4584,Tl3BO3 ,1.303,Hexagonal,0.0,0.0
mp-4406,CaSO4,5.9508,Orthorhombic,1.0,1.0
mp-570140,AuBr ,1.9716,Tetragonal,0.0,0.0
mp-9270,SbIrS ,1.070099999999999,Orthorhombic,1.0,1.0
mp-541013,TiI4 ,1.0859,Monoclinic,0.0,0.0
mp-2352,Na2O ,1.8736,Cubic,1.0,1.0
mp-16036,Tb2TeO2 ,1.1715,Tetragonal,1.0,1.0
mp-567809,AgI ,1.5986,Tetragonal,1.0,0.0
mp-550433,BeZnO2 ,2.6575,Tetragonal,1.0,1.0
Synthetic,Synthetic,-1.0,Synthetic,0.0,0.0
Synthetic,Synthetic,-1.0,Synthetic,0.0,0.0
mp-553939,CaCO3,4.718299999999999,Orthorhombic,0.0,0.0
mp-770649,Li5NbO5,2.9815,Monoclinic,0.0,0.0
Synthetic,Synthetic,-1.0,Synthetic,0.0,0.0
mp-643009,SrMgH4 ,2.7087,Orthorhombic,1.0,1.0
mp-23251,KBr ,4.3224,Cubic,1.0,1.0
Synthetic,Synthetic,-1.0,Synthetic,0.0,0.0
mp-754815,YBr3,3.976499999999999,Monoclinic,0.0,0.0
Synthetic,Synthetic,-1.0,Synthetic,0.0,0.0
mp-5479,RbAlF4,6.8772,Tetragonal,0.0,0.0
Synthetic,Synthetic,-1.0,Synthetic,0.0,0.0
mp-5012,Li2SiO3,5.0766,Orthorhombic,1.0,1.0
mp-29898,Tl2Au4S3,1.1385,Orthorhombic,1.0,1.0
mp-1186,ZrS2 ,1.0418,Trigonal,1.0,1.0
mp-27849,TiBrN ,0.5646,Orthorhombic,0.0,0.0
mp-15796,LiHoSe2,1.5729000000000002,Trigonal,1.0,1.0
Synthetic,Synthetic,-1.0,Synthetic,0.0,0.0
mp-28567,LiBiF4 ,4.8473,Tetragonal,1.0,1.0
mp-23339,NaBrO3 ,4.4812,Cubic,0.0,0.0
Synthetic,Synthetic,-1.0,Synthetic,0.0,0.0
mp-18513,Ba2MnSe3 ,0.0,Orthorhombic,1.0,1.0
mp-36592,Nd5AgSe8 ,1.5921999999999992,Tetragonal,0.0,0.0
Synthetic,Synthetic,-1.0,Synthetic,0.0,0.0
mp-569128,SiB3,1.408,Orthorhombic,1.0,1.0
Synthetic,Synthetic,-1.0,Synthetic,0.0,0.0
mp-16267,Dy2CdS4 ,1.0877,Cubic,1.0,1.0
mp-8891,K2Zr(BO3)2 ,3.4092,Trigonal,0.0,0.0
mp-17481,Mg4Ta2O9 ,4.2018,Trigonal,1.0,1.0
mp-4824,NaZnP ,0.9102,Tetragonal,1.0,1.0
mp-36216,Ag2S,1.0895,Orthorhombic,0.0,0.0
mp-989570,Cs2CaSnCl6,3.6131,Cubic,0.0,0.0
mp-7786,CsCu3S2 ,1.6845999999999992,Trigonal,1.0,1.0
mp-4030,Rb2Pt3S4 ,1.4542000000000002,Orthorhombic,1.0,1.0
mp-218,Sm2O3,3.7823,Cubic,1.0,1.0
mp-616378,CsSnI3 ,0.5537000000000001,Tetragonal,0.0,0.0
Synthetic,Synthetic,-1.0,Synthetic,0.0,0.0
Synthetic,Synthetic,-1.0,Synthetic,0.0,0.0
mp-20944,Sr2PbO4 ,1.3966,Orthorhombic,1.0,1.0
Synthetic,Synthetic,-1.0,Synthetic,0.0,0.0
mp-3102,TaCuS3 ,0.418,Orthorhombic,1.0,1.0
mp-703470,AsH6NO4,4.1512,Tetragonal,0.0,0.0
mp-4604,Li7VN4 ,3.035199999999999,Cubic,1.0,1.0
mp-11719,K4ZnP2,0.9455,Trigonal,1.0,1.0
mp-2030,RuS2 ,0.6683999999999991,Cubic,1.0,1.0
mp-22897,HgCl,2.7243,Tetragonal,0.0,0.0
Synthetic,Synthetic,-1.0,Synthetic,0.0,0.0
mp-23807,AlHO2 ,5.6572,Orthorhombic,1.0,1.0
Synthetic,Synthetic,-1.0,Synthetic,0.0,0.0
Synthetic,Synthetic,-1.0,Synthetic,0.0,0.0
mp-7907, Al2ZnSe4,2.1529,Tetragonal,1.0,1.0
mp-8703,Na3SbSe4 ,0.9870999999999992,Cubic,0.0,0.0
mp-4753,Al2SiO5 ,4.8382000000000005,Orthorhombic,1.0,1.0
mp-5048,LiGaTe2,1.5885,Tetragonal,1.0,1.0
mp-3779,CrSiTe3 ,0.0,Trigonal,0.0,0.0
mp-34081,NaYF4 ,6.9245,Tetragonal,1.0,1.0
Synthetic,Synthetic,-1.0,Synthetic,0.0,0.0
mp-19896,Li2GePbS4 ,2.2649,Tetragonal,1.0,1.0
Synthetic,Synthetic,-1.0,Synthetic,0.0,0.0
Synthetic,Synthetic,-1.0,Synthetic,0.0,0.0
Synthetic,Synthetic,-1.0,Synthetic,0.0,0.0
mp-769365,ZnSeO4 ,2.0654,Orthorhombic,0.0,0.0
Synthetic,Synthetic,-1.0,Synthetic,0.0,0.0
mp-9125,Ca(SbO3)2,2.6943,Trigonal,1.0,1.0
Synthetic,Synthetic,-1.0,Synthetic,0.0,0.0
mp-2074,Li3Sb ,0.707399999999999,Cubic,1.0,1.0
mp-3660,LiB3O5 ,6.484299999999999,Orthorhombic,1.0,0.0
mp-35591,LiErS2 ,2.1013,Tetragonal,1.0,1.0
mp-567841,Be3P2 ,0.8891,Cubic,1.0,1.0
mp-14039,K2NaRhF6 ,2.000099999999999,Cubic,0.0,0.0
mp-31212,K2MgF4 ,6.405900000000001,Tetragonal,1.0,1.0
mp-5472,Nb2Cd2O7 ,1.883899999999999,Cubic,0.0,0.0
mp-571369,Y(BH4)3 ,4.656,Cubic,1.0,1.0
mp-3556,Tm2SO2 ,3.097399999999999,Trigonal,1.0,1.0
Synthetic,Synthetic,-1.0,Synthetic,0.0,0.0
mp-42022,Cs2RbZrOF5 ,4.7098,Tetragonal,0.0,0.0
mp-5548,Ta2Cd2O7 ,2.0269,Cubic,1.0,0.0
Synthetic,Synthetic,-1.0,Synthetic,0.0,0.0
mp-862832,PaTlO3 ,2.6427,Cubic,1.0,1.0
Synthetic,Synthetic,-1.0,Synthetic,0.0,0.0
mp-5794,Zn(GaO2)2,2.310499999999999,Cubic,1.0,1.0
Synthetic,Synthetic,-1.0,Synthetic,0.0,0.0
mp-1047,Ca3N2 ,0.7787000000000001,Trigonal,1.0,1.0
mp-542791,ZrNCl ,1.722699999999999,Trigonal,1.0,1.0
mp-111,Ne ,11.6898,Cubic,0.0,0.0
mp-4026,KCrS2,1.1644,Trigonal,0.0,0.0
mp-384,MgP4,0.7289000000000001,Monoclinic,1.0,1.0
mp-567771, Ba(Si3N4)2,3.2602,Orthorhombic,1.0,1.0
mp-11824,Ca3PN,0.8055999999999991,Cubic,0.0,0.0
mp-755287,Ca3CdO4 ,2.52,Orthorhombic,1.0,1.0
Synthetic,Synthetic,-1.0,Synthetic,0.0,0.0
mp-2490,GaP,1.603899999999999,Cubic,1.0,1.0
mp-8624,K2Sn2O3 ,1.3022,Cubic,0.0,0.0
mp-20351,InP,0.4546,Cubic,1.0,1.0
Synthetic,Synthetic,-1.0,Synthetic,0.0,0.0
Synthetic,Synthetic,-1.0,Synthetic,0.0,0.0
Synthetic,Synthetic,-1.0,Synthetic,0.0,0.0
mp-22930,Rb4CdCl6 ,3.9341,Trigonal,0.0,0.0
Synthetic,Synthetic,-1.0,Synthetic,0.0,0.0
Synthetic,Synthetic,-1.0,Synthetic,0.0,0.0
Synthetic,Synthetic,-1.0,Synthetic,0.0,0.0
mp-3807,Al2CdSe4 ,1.261099999999999,Cubic,1.0,1.0
mp-13312,ScTlS2 ,0.9331,Hexagonal,1.0,1.0
mp-20782,LiInTe2 ,1.3847,Tetragonal,1.0,1.0
mp-9635,Ag2HgS2 ,0.419099999999999,Monoclinic,1.0,1.0
Synthetic,Synthetic,-1.0,Synthetic,0.0,0.0
mp-9437,NbFeSb ,0.513799999999999,Cubic,1.0,1.0
mp-6474,Ba3MgNb2O9 ,2.647999999999999,Trigonal,1.0,0.0
mp-1958,SrTe,1.7616,Cubic,1.0,1.0
mp-33667,LiDyS2 ,2.0771,Tetragonal,1.0,1.0
mp-567666,Ba3BiN,0.6466000000000001,Hexagonal,1.0,1.0
mp-22872,SbCl3 ,3.7476,Orthorhombic,0.0,0.0
Synthetic,Synthetic,-1.0,Synthetic,0.0,0.0
mp-8799,RbNaS ,2.2945,Tetragonal,1.0,1.0
mp-755689,ErClO ,5.2575,Orthorhombic,0.0,0.0
mp-561367, F2,2.3942,Monoclinic,0.0,0.0
mp-2234,Er2S3 ,1.4691,Monoclinic,1.0,1.0
mp-5693,NaCrS2 ,0.9908999999999992,Trigonal,0.0,0.0
mp-14115,LiRhO2 ,1.515299999999999,Trigonal,1.0,1.0
mp-2160,Sb2Se3 ,0.7564000000000001,Orthorhombic,0.0,0.0
mp-30031,CaI2 ,3.8971,Trigonal,1.0,1.0
mp-27243,K2PtBr4 ,1.476999999999999,Tetragonal,1.0,1.0
mp-1776,UN2 ,0.6927000000000001,Cubic,0.0,0.0
Synthetic,Synthetic,-1.0,Synthetic,0.0,0.0
mp-760411,Bi2CO5 ,2.04,Orthorhombic,0.0,0.0
mp-12317,SrCN2 ,3.205599999999999,Trigonal,1.0,1.0
mp-3397,Ba2TiO4,4.144,Monoclinic,1.0,1.0
mp-9035,NaLuS2,2.399299999999999,Trigonal,1.0,1.0
mp-941221,Li(BH)5,4.9946,Hexagonal,1.0,1.0
Synthetic,Synthetic,-1.0,Synthetic,0.0,0.0
mp-9564,Ca(MgAs)2,1.2605,Trigonal,1.0,1.0
Synthetic,Synthetic,-1.0,Synthetic,0.0,0.0
mp-5618,Mg2As2O7 ,3.0403,Monoclinic,0.0,0.0
mp-7951,ThSe2 ,0.6304999999999991,Orthorhombic,1.0,1.0
Synthetic,Synthetic,-1.0,Synthetic,0.0,0.0
Synthetic,Synthetic,-1.0,Synthetic,0.0,0.0
mp-4043,NbCu3Se4 ,1.3604,Cubic,1.0,1.0
mp-8110,AlBO3 ,5.8392,Trigonal,1.0,1.0
mp-1519,CaTe ,1.5535,Cubic,1.0,1.0
mp-28872,RbBrO3 ,3.9953,Trigonal,1.0,1.0
mp-1509,Sn2S3 ,0.7774000000000001,Orthorhombic,0.0,0.0
mp-23432,BaClF,5.4317,Tetragonal,1.0,1.0
mp-4757,KReO4 ,3.6923,Tetragonal,1.0,1.0
Synthetic,Synthetic,-1.0,Synthetic,0.0,0.0
Synthetic,Synthetic,-1.0,Synthetic,0.0,0.0
mp-5637,SrZnO2 ,2.0793,Orthorhombic,1.0,1.0
mp-9778,K2AgP,1.232,Orthorhombic,1.0,1.0
mp-11342,GaSe ,1.2233,Trigonal,0.0,0.0
mp-23534,KSn2I5 ,1.509799999999999,Tetragonal,0.0,0.0
mp-989609,YWN3 ,1.1259,Orthorhombic,1.0,1.0
mp-1779,YbTe ,1.4678,Cubic,1.0,1.0
Synthetic,Synthetic,-1.0,Synthetic,0.0,0.0
mp-12620,NdSeF ,0.9158,Tetragonal,1.0,1.0
Synthetic,Synthetic,-1.0,Synthetic,0.0,0.0
mp-11718,RbF ,5.5244,Cubic,1.0,1.0
mp-30530,TlClO4 ,4.570699999999999,Cubic,0.0,0.0
mp-2345,Dy2O3 ,3.925499999999999,Cubic,1.0,1.0
mp-24066,SrHClO,4.9798,Hexagonal,1.0,1.0
Synthetic,Synthetic,-1.0,Synthetic,0.0,0.0
Synthetic,Synthetic,-1.0,Synthetic,0.0,0.0
mp-1880,SbF3 ,4.4396,Orthorhombic,0.0,0.0
mp-730,P2Pt,1.018599999999999,Cubic,1.0,1.0
mp-570930,Bi2Pb2Se5 ,0.412099999999999,Trigonal,0.0,0.0
Synthetic,Synthetic,-1.0,Synthetic,0.0,0.0
mp-761842,Hf3SnO8,3.5875,Monoclinic,1.0,1.0
mp-961711,ZrSiPt ,1.026599999999999,Cubic,1.0,1.0
mp-757031,Mg2TiO4 ,3.4044,Tetragonal,1.0,1.0
mp-22996,SbSeI,1.3811,Orthorhombic,0.0,0.0
mp-8276,Sr(ZnP)2,0.8285999999999991,Trigonal,1.0,1.0
mp-541785,GePdS3,1.3441,Monoclinic,1.0,1.0
mp-541837,Bi2Se3 ,0.3769,Trigonal,0.0,0.0
mp-580886,ZrIN,0.736799999999999,Trigonal,1.0,1.0
mp-16293,KSbO3 ,1.121299999999999,Cubic,1.0,1.0
Synthetic,Synthetic,-1.0,Synthetic,0.0,0.0
mp-5327,Na4UO5 ,2.1446,Tetragonal,0.0,1.0
mp-23199,BaCl2 ,5.1132,Orthorhombic,1.0,1.0
mp-7470,RbCuO ,0.9215,Tetragonal,1.0,1.0
mp-14168,K2GeF6 ,5.899800000000001,Hexagonal,1.0,1.0
mp-9853,LuP5 ,0.1367,Monoclinic,1.0,1.0
mp-375,UO3 ,1.634999999999999,Cubic,0.0,0.0
mp-12814,Ba3SbN ,0.455499999999999,Hexagonal,0.0,0.0
Synthetic,Synthetic,-1.0,Synthetic,0.0,0.0
mp-4156,Li2ZrO3 ,3.7336,Monoclinic,0.0,0.0
mp-961684,LiCaAs ,1.876799999999999,Cubic,1.0,1.0
Synthetic,Synthetic,-1.0,Synthetic,0.0,0.0
mp-422,BeS,3.1453,Cubic,1.0,1.0
Synthetic,Synthetic,-1.0,Synthetic,0.0,0.0
mp-23227,CuBr,0.4321,Hexagonal,0.0,0.0
Synthetic,Synthetic,-1.0,Synthetic,0.0,0.0
mp-16376,HoSbPt ,0.0,Cubic,1.0,0.0
mp-7582,GeS2 ,2.5975,Tetragonal,1.0,1.0
mp-27227,LiAg3O2 ,0.727799999999999,Orthorhombic,1.0,1.0
Synthetic,Synthetic,-1.0,Synthetic,0.0,0.0
mp-23759,SrH2,1.3011,Hexagonal,0.0,0.0
Synthetic,Synthetic,-1.0,Synthetic,0.0,0.0
mp-12779,CdTe,0.618599999999999,Hexagonal,1.0,1.0
Synthetic,Synthetic,-1.0,Synthetic,0.0,0.0
Synthetic,Synthetic,-1.0,Synthetic,0.0,0.0
mp-559612,KLiO ,2.3803,Orthorhombic,0.0,0.0
Synthetic,Synthetic,-1.0,Synthetic,0.0,0.0
mp-29009,Li2MgBr4 ,4.5262,Orthorhombic,1.0,1.0
mp-634676,KHS ,3.2359,Monoclinic,1.0,1.0
mp-5962,NaMgAs ,0.9547999999999992,Tetragonal,1.0,1.0
mp-760483,Li2PdO3 ,1.3654,Monoclinic,1.0,1.0
mp-3427,LiAlO2 ,4.5899,Tetragonal,1.0,1.0
mp-252,BeTe ,2.017299999999999,Cubic,1.0,1.0
mp-10314,Yb(ZnAs)2,0.4163,Trigonal,1.0,1.0
mp-5889,Er2Ti2O7 ,2.6986,Cubic,0.0,0.0
Synthetic,Synthetic,-1.0,Synthetic,0.0,0.0
mp-9514,Mg(AlC)2,1.7481,Trigonal,1.0,1.0
mp-13949,Cd(GaTe2)2,1.0357,Tetragonal,1.0,1.0
mp-27253,Au2O3,0.8689999999999991,Orthorhombic,0.0,0.0
mp-570690,SiC ,1.6644,Trigonal,1.0,1.0
mp-29803,SiH ,2.1634,Trigonal,1.0,1.0
mp-7973,RbNdO2,3.426,Trigonal,1.0,1.0
Synthetic,Synthetic,-1.0,Synthetic,0.0,0.0
mp-641923,Cs2SnBr6 ,1.438899999999999,Cubic,1.0,0.0
mp-28069,Ca3AsCl3,1.8439,Cubic,1.0,1.0
mp-1873,ZnF2 ,3.4592,Tetragonal,1.0,1.0
mp-5078,SrZnF4 ,5.0642,Tetragonal,1.0,1.0
mp-1427,Lu2O3 ,4.021100000000001,Cubic,1.0,1.0
mp-3006,P2Pd3S8 ,1.5779,Trigonal,1.0,1.0
mp-15895,SiCu2S3 ,0.8804000000000001,Monoclinic,1.0,1.0
mp-25469,AlCl3 ,5.263,Monoclinic,0.0,0.0
mp-402,CdP2,1.489799999999999,Orthorhombic,1.0,1.0
Synthetic,Synthetic,-1.0,Synthetic,0.0,0.0
mp-546152,SmBi2ClO4 ,1.217699999999999,Tetragonal,1.0,1.0
mp-560119,TbCl2F,4.8614,Monoclinic,1.0,1.0
mp-10166,NaAlSe2 ,2.149799999999999,Tetragonal,1.0,1.0
Synthetic,Synthetic,-1.0,Synthetic,0.0,0.0
Synthetic,Synthetic,-1.0,Synthetic,0.0,0.0
mp-540789,PbI2,2.3735,Trigonal,1.0,0.0
mp-866003,ErI3 ,2.0376,Hexagonal,0.0,0.0
mp-8278,Ba(MgP)2,1.1366,Trigonal,1.0,1.0
mp-6766,CaMg(SiO3)2,4.9716000000000005,Monoclinic,0.0,0.0
Synthetic,Synthetic,-1.0,Synthetic,0.0,0.0
mp-1167,CF4 ,9.0653,Monoclinic,0.0,0.0
Synthetic,Synthetic,-1.0,Synthetic,0.0,0.0
mp-3281,Al5BO9 ,4.9385,Orthorhombic,0.0,0.0
mp-574599,CsAuSe ,1.7093,Orthorhombic,0.0,0.0
mp-766217,Sr4Cu2O7,0.7570999999999991,Monoclinic,1.0,0.0
mp-23383,Rb2TeBr6,2.0509,Cubic,0.0,0.0
Synthetic,Synthetic,-1.0,Synthetic,0.0,0.0
mp-865986,Li2CaGe,0.1008,Cubic,1.0,1.0
mp-7251,Ba2YNbO6,2.8514,Cubic,0.0,0.0
mp-546011,YZnAsO ,1.2015,Tetragonal,1.0,1.0
mp-989573,Rb2BrCl6F ,0.9202999999999992,Cubic,0.0,0.0
mp-20489,SrPbO3 ,0.7941,Orthorhombic,1.0,1.0
mp-8484,ZnO2 ,2.1576,Cubic,1.0,1.0
Synthetic,Synthetic,-1.0,Synthetic,0.0,0.0
mp-755013,Li5TaO5 ,3.766199999999999,Monoclinic,1.0,1.0
Synthetic,Synthetic,-1.0,Synthetic,0.0,0.0
mp-23803,GaHO2 ,3.0016,Orthorhombic,1.0,1.0
mp-1598,Na3P ,0.4033,Hexagonal,0.0,0.0
mp-4559,BaCO3,4.3635,Trigonal,0.0,0.0
mp-17123,Si2Os ,0.6496999999999991,Orthorhombic,1.0,1.0
Synthetic,Synthetic,-1.0,Synthetic,0.0,0.0
mp-15999,Li3AuS2,2.0985,Orthorhombic,1.0,1.0
Synthetic,Synthetic,-1.0,Synthetic,0.0,0.0
mp-4385,CdCO3 ,2.6226000000000003,Trigonal,1.0,1.0
Synthetic,Synthetic,-1.0,Synthetic,0.0,0.0
Synthetic,Synthetic,-1.0,Synthetic,0.0,0.0
mp-6179,KLiSO4,5.3221,Hexagonal,0.0,0.0
mp-10381,K2CuSb ,1.1104,Orthorhombic,0.0,0.0
mp-990440,Na2ZrO3 ,4.350999999999999,Monoclinic,0.0,0.0
mp-8621,K2PtSe2,0.9345,Orthorhombic,0.0,0.0
mp-530399,LiAl5O8,5.5169000000000015,Cubic,1.0,1.0
Synthetic,Synthetic,-1.0,Synthetic,0.0,0.0
mp-6174,Mg2Al4Si5O18 ,4.9555,Orthorhombic,0.0,0.0
mp-27830,Cs2SeCl6 ,2.7509,Cubic,1.0,1.0
mp-546350,TmBi2BrO4 ,1.360199999999999,Tetragonal,1.0,1.0
Synthetic,Synthetic,-1.0,Synthetic,0.0,0.0
mp-23237, BiF3,4.6808,Orthorhombic,1.0,1.0
mp-28145,Rb2PdCl6 ,1.2868,Cubic,1.0,1.0
mp-754157,AlInO3 ,2.162,Hexagonal,1.0,1.0
mp-1029,BaF2,6.6029,Cubic,1.0,1.0
mp-558781,ScTaO4 ,4.027699999999999,Monoclinic,1.0,1.0
mp-961687,ZrSnPd ,0.1251,Cubic,0.0,0.0
mp-601257,DyCuPbSe3 ,1.208699999999999,Orthorhombic,1.0,1.0
mp-9179,Ba3Zr2S7 ,0.4979,Tetragonal,0.0,0.0
mp-567278, Sr(Si3N4)2 ,3.2079,Orthorhombic,1.0,1.0
mp-3962,LaPO4 ,4.486000000000001,Monoclinic,1.0,1.0
mp-9479,Mg(AlSe2)2,1.053,Trigonal,0.0,1.0
mp-11790,LaCuSe2,0.8712000000000001,Monoclinic,1.0,1.0
mp-27194,SnI2 ,1.7061000000000002,Monoclinic,1.0,0.0
mp-866298,BaNaScSi2O7 ,4.5947,Monoclinic,0.0,0.0
Synthetic,Synthetic,-1.0,Synthetic,0.0,0.0
mp-7104,CsCaF3 ,6.9005,Cubic,1.0,1.0
Synthetic,Synthetic,-1.0,Synthetic,0.0,0.0
mp-561827,Cs3TlF6 ,3.3184,Tetragonal,0.0,0.0
mp-1413,P2Ru ,0.479199999999999,Orthorhombic,1.0,1.0
mp-6504,BaMg(CO3)2,4.084799999999999,Trigonal,0.0,0.0
Synthetic,Synthetic,-1.0,Synthetic,0.0,0.0
Synthetic,Synthetic,-1.0,Synthetic,0.0,0.0
mp-28599,Na4Br2O ,1.983099999999999,Tetragonal,1.0,1.0
Synthetic,Synthetic,-1.0,Synthetic,0.0,0.0
mp-27425,Sr(HO)2,4.0304,Orthorhombic,1.0,1.0
Synthetic,Synthetic,-1.0,Synthetic,0.0,0.0
mp-5388,Zn(SbO2)2,2.7258,Tetragonal,0.0,0.0
mp-9127,Ba(SbO3)2,2.8606,Trigonal,1.0,1.0
Synthetic,Synthetic,-1.0,Synthetic,0.0,0.0
mp-568137,Cs3Mg2Cl7,4.3798,Tetragonal,1.0,1.0
mp-16236,KAgSe ,0.482199999999999,Tetragonal,0.0,0.0
mp-6812,KBaPO4 ,4.950299999999999,Orthorhombic,1.0,1.0
mp-13903,ZnSnF6 ,3.7147,Trigonal,1.0,1.0
mp-3654,RbCaF3,6.3971,Cubic,0.0,0.0
Synthetic,Synthetic,-1.0,Synthetic,0.0,0.0
mp-28110,Rb2PtI6,0.520999999999999,Cubic,0.0,0.0
Synthetic,Synthetic,-1.0,Synthetic,0.0,0.0
mp-15788,LiYS2 ,1.920399999999999,Trigonal,1.0,1.0
mp-6553,LiSc(SiO3)2,4.9196,Monoclinic,0.0,0.0
mp-14797,RbPt2Se3 ,1.006,Trigonal,1.0,1.0
mp-755759,ZrO2 ,3.213899999999999,Orthorhombic,1.0,1.0
mp-3104,BaZrN2,0.9972,Tetragonal,1.0,1.0
mp-546266,DyBi2IO4 ,1.3667999999999991,Tetragonal,1.0,1.0
mp-7437,KZnP ,0.839599999999999,Hexagonal,1.0,1.0
mp-5704,Tl3AsS4,1.769299999999999,Orthorhombic,1.0,1.0
mp-961682,TiSnPd ,0.203899999999999,Cubic,1.0,1.0
mp-22908,BiCl3 ,3.3934,Orthorhombic,1.0,1.0
mp-573658,Cs3BAs2,1.4845000000000002,Monoclinic,1.0,0.0
mp-17177,Nb2ZnO6,3.2845,Orthorhombic,0.0,0.0
mp-31118,SmScO3 ,4.366899999999999,Orthorhombic,1.0,1.0
mp-9307,Ba2ZnN2 ,0.4771,Tetragonal,1.0,1.0
mp-1153,Li2S ,3.3862,Cubic,1.0,1.0
mp-8962,Rb2HgF4,1.9382,Tetragonal,1.0,1.0
mp-22922,AgCl ,0.9522,Cubic,1.0,1.0
Synthetic,Synthetic,-1.0,Synthetic,0.0,0.0
mp-29417,Na3ScBr6,3.3749,Trigonal,1.0,1.0
Synthetic,Synthetic,-1.0,Synthetic,0.0,0.0
mp-19799,BaPbF6,2.8927,Trigonal,0.0,0.0
mp-3144,HoNbO4,3.4844,Monoclinic,1.0,1.0
mp-540839,CsPbI3 ,2.5181,Orthorhombic,1.0,0.0
mp-9631,AlAgO2 ,1.4090999999999991,Hexagonal,1.0,1.0
Synthetic,Synthetic,-1.0,Synthetic,0.0,0.0
Synthetic,Synthetic,-1.0,Synthetic,0.0,0.0
mp-560445,SrEr2O4 ,3.766499999999999,Orthorhombic,1.0,1.0
mp-7572,MgSO4,5.4889,Orthorhombic,1.0,1.0
mp-3924,LiNbO2 ,1.579499999999999,Hexagonal,1.0,1.0
Synthetic,Synthetic,-1.0,Synthetic,0.0,0.0
mp-13947,Rb2HfF6 ,7.129799999999999,Trigonal,1.0,1.0
mp-984729,BaSr3O4 ,2.5199,Cubic,1.0,1.0
mp-976280,LiBr ,4.9348,Hexagonal,1.0,1.0
Synthetic,Synthetic,-1.0,Synthetic,0.0,0.0
Synthetic,Synthetic,-1.0,Synthetic,0.0,0.0
mp-9567,Ba(MgSb)2,0.8466,Trigonal,1.0,1.0
mp-23804,Mg2FeH6,1.913999999999999,Cubic,1.0,1.0
mp-989529,KRb2InCl6 ,3.5425,Cubic,1.0,0.0
Synthetic,Synthetic,-1.0,Synthetic,0.0,0.0
mp-6099,LiSc(SiO3)2 ,4.9634,Monoclinic,0.0,0.0
mp-23703,LiH ,2.981,Cubic,1.0,1.0
mp-672289,Ge3N4,2.064,Trigonal,1.0,1.0
Synthetic,Synthetic,-1.0,Synthetic,0.0,0.0
Synthetic,Synthetic,-1.0,Synthetic,0.0,0.0
mp-23704,NaAlH4 ,4.6666,Tetragonal,1.0,1.0
Synthetic,Synthetic,-1.0,Synthetic,0.0,0.0
mp-5259,RbAlF4 ,6.944199999999999,Tetragonal,0.0,0.0
mp-4255,Ba(CuS)2,0.5011999999999991,Tetragonal,0.0,0.0
mp-504935,K2PbO3 ,1.2434,Orthorhombic,1.0,1.0
mp-9582,Yb(ZnP)2,0.7887000000000001,Trigonal,1.0,1.0
mp-753304,Hg ,0.5361,Cubic,0.0,0.0
mp-1342,BaO,2.0906,Cubic,1.0,1.0
mp-2858, ZrO2,3.5322,Monoclinic,1.0,1.0
mp-22875,TlBr ,1.9877,Cubic,1.0,0.0
mp-5342,GaAgS2 ,0.9622,Tetragonal,1.0,1.0
mp-8188,KScO2 ,3.624099999999999,Trigonal,1.0,1.0
Synthetic,Synthetic,-1.0,Synthetic,0.0,0.0
Synthetic,Synthetic,-1.0,Synthetic,0.0,0.0
Synthetic,Synthetic,-1.0,Synthetic,0.0,0.0
mp-756235,Ba3SrI8 ,3.3029,Tetragonal,1.0,1.0
mp-27175,InOF ,1.330699999999999,Orthorhombic,0.0,0.0
mp-567431,ThCl4,3.6452,Tetragonal,1.0,1.0
mp-3707,CaGe2O5,2.4523,Monoclinic,0.0,0.0
mp-553961,ScNbO4 ,3.3026,Monoclinic,1.0,1.0
Synthetic,Synthetic,-1.0,Synthetic,0.0,0.0
mp-22323,In2O3 ,0.9586,Trigonal,0.0,0.0
mp-9486,K2AlF5 ,6.3239,Tetragonal,1.0,1.0
mp-27984,PrClO ,4.7029,Tetragonal,1.0,1.0
mp-23052,ZrIN ,1.2172,Orthorhombic,0.0,0.0
mp-4590, Mg(GaO2)2,3.2804,Cubic,1.0,1.0
mp-677335, GaPO4,4.698,Tetragonal,0.0,0.0
mp-3054,Li2CO3 ,5.0574,Monoclinic,1.0,1.0
Synthetic,Synthetic,-1.0,Synthetic,0.0,0.0
Synthetic,Synthetic,-1.0,Synthetic,0.0,0.0
mp-9069,K2NaAlAs2 ,1.026,Orthorhombic,1.0,1.0
mp-23794,H4NF,5.959200000000001,Hexagonal,1.0,1.0
mp-7955,Li3Sb ,0.4833,Hexagonal,0.0,0.0
Synthetic,Synthetic,-1.0,Synthetic,0.0,0.0
Synthetic,Synthetic,-1.0,Synthetic,0.0,0.0
mp-7089,KMgSb,1.267199999999999,Tetragonal,1.0,1.0
mp-571222,CsBr,4.2575,Cubic,1.0,1.0
mp-10919,Rb2PtC2 ,1.136199999999999,Trigonal,1.0,1.0
mp-17701,Sr2NbN3 ,2.2935,Monoclinic,0.0,0.0
mp-22917,CuBr ,0.9962,Tetragonal,0.0,0.0
mp-557993,BiO2 ,1.1596,Monoclinic,1.0,1.0
mp-7436,KCuTe,0.6037,Hexagonal,1.0,1.0
Synthetic,Synthetic,-1.0,Synthetic,0.0,0.0
mp-30062,Cs2PtBr6 ,1.4417,Cubic,1.0,1.0
mp-14568,BaMgF4,6.8005,Orthorhombic,1.0,0.0
mp-6333,NaIn(SiO3)2,3.488599999999999,Monoclinic,0.0,0.0
mp-7940,KNbSe2 ,0.685499999999999,Hexagonal,1.0,1.0
Synthetic,Synthetic,-1.0,Synthetic,0.0,0.0
mp-14069,CsAlO2,4.273499999999999,Cubic,0.0,0.0
mp-10953,Sc2CdS4 ,0.9581,Cubic,1.0,1.0
Synthetic,Synthetic,-1.0,Synthetic,0.0,0.0
mp-23870,NaH ,3.7666,Cubic,1.0,1.0
Synthetic,Synthetic,-1.0,Synthetic,0.0,0.0
Synthetic,Synthetic,-1.0,Synthetic,0.0,0.0
Synthetic,Synthetic,-1.0,Synthetic,0.0,0.0
mp-14070,RbAlO2 ,3.3716,Cubic,0.0,0.0
mp-558928,KrF2,2.7303,Tetragonal,0.0,0.0
mp-770771,SrSc2O4 ,3.6335,Orthorhombic,1.0,1.0
Synthetic,Synthetic,-1.0,Synthetic,0.0,0.0
mp-4056,CaSc2O4 ,3.457999999999999,Orthorhombic,1.0,1.0
mp-3933,Mg2PN3 ,3.5371,Orthorhombic,1.0,1.0
Synthetic,Synthetic,-1.0,Synthetic,0.0,0.0
Synthetic,Synthetic,-1.0,Synthetic,0.0,0.0
mp-16327,DySbPt ,0.049299999999999,Cubic,0.0,0.0
mp-504908,In2TeO6,1.016599999999999,Trigonal,1.0,0.0
mp-19851,KInTe2 ,0.9868999999999992,Tetragonal,1.0,1.0
mp-27294,Ca3AsBr3 ,1.6726,Cubic,1.0,1.0
mp-7979,K2PdF6 ,2.0399,Trigonal,1.0,1.0
mp-1087,SrS ,2.497,Cubic,1.0,1.0
mp-675748,Zn2GeS4,2.3269,Tetragonal,1.0,1.0
mp-2963,CaAl2O4 ,4.5894,Monoclinic,0.0,0.0
mp-552857,TbBi2IO4,1.326699999999999,Tetragonal,1.0,1.0
mp-14205,K3Cu3As2 ,1.2741,Trigonal,1.0,1.0
Synthetic,Synthetic,-1.0,Synthetic,0.0,0.0
Synthetic,Synthetic,-1.0,Synthetic,0.0,0.0
mp-7781,CaZrS3 ,1.1878,Orthorhombic,1.0,1.0
mp-7928,K2PtS2 ,1.235599999999999,Orthorhombic,0.0,0.0
mp-989537,Cs2TlInF6 ,3.9896,Cubic,0.0,0.0
mp-989538,Cs2InBiF6 ,2.2862,Cubic,0.0,0.0
Synthetic,Synthetic,-1.0,Synthetic,0.0,0.0
mp-985584,Na3PS4,2.2883,Cubic,0.0,0.0
Synthetic,Synthetic,-1.0,Synthetic,0.0,0.0
mp-22961,Li2ZnCl4,4.1422,Cubic,1.0,1.0
mp-10694,ScF3 ,6.097799999999999,Cubic,1.0,1.0
mp-5285,SrSO4,5.9178,Orthorhombic,0.0,0.0
Synthetic,Synthetic,-1.0,Synthetic,0.0,0.0
mp-7090,NaMgSb,1.0359,Tetragonal,1.0,1.0
mp-7798,MgGeN2,2.6358,Orthorhombic,1.0,1.0
Synthetic,Synthetic,-1.0,Synthetic,0.0,0.0
mp-28592,Li7Br3O2 ,4.2454,Tetragonal,1.0,1.0
mp-9588,LiP ,0.8094999999999991,Monoclinic,1.0,1.0
mp-3269,NaTh2F9,5.9514,Tetragonal,1.0,1.0
mp-4636,ScCuO2,2.1669,Trigonal,1.0,1.0
mp-9006,Ho2CF2 ,1.1355,Trigonal,1.0,1.0
mp-643260,Na2H4Pd ,2.2472,Tetragonal,1.0,1.0
Synthetic,Synthetic,-1.0,Synthetic,0.0,0.0
Synthetic,Synthetic,-1.0,Synthetic,0.0,0.0
Synthetic,Synthetic,-1.0,Synthetic,0.0,0.0
mp-552663,LiScAs2O7,3.451899999999999,Monoclinic,0.0,0.0
mp-29463,LiBeN ,2.6858,Monoclinic,1.0,1.0
Synthetic,Synthetic,-1.0,Synthetic,0.0,0.0
mp-2079,Rb2P3 ,0.7643999999999991,Orthorhombic,1.0,1.0
Synthetic,Synthetic,-1.0,Synthetic,0.0,0.0
mp-697030,Mg2H6Ru ,3.0681,Cubic,0.0,0.0
mp-625150,ScHO2 ,4.412,Orthorhombic,1.0,1.0
mp-556609,KSb(PS3)2,2.2731,Monoclinic,0.0,0.0
Synthetic,Synthetic,-1.0,Synthetic,0.0,0.0
mp-27275,Li3BO3 ,5.1473,Monoclinic,1.0,1.0
Synthetic,Synthetic,-1.0,Synthetic,0.0,0.0
mp-3142, Ca(NO3)2,3.6398,Cubic,0.0,0.0
mp-28602,Na3ClO ,2.0299,Cubic,0.0,0.0
mp-2068,RhF3 ,0.862599999999999,Trigonal,1.0,1.0
mp-10250,BaLiF3,6.564299999999999,Cubic,1.0,1.0
mp-28013,MnI2 ,1.170799999999999,Trigonal,0.0,0.0
Synthetic,Synthetic,-1.0,Synthetic,0.0,0.0
Synthetic,Synthetic,-1.0,Synthetic,0.0,0.0
mp-754055,CsErO2 ,2.8015,Hexagonal,1.0,1.0
mp-9244,LiBC ,0.8471000000000001,Hexagonal,1.0,1.0
mp-16363,CoAsS ,0.8512000000000001,Cubic,1.0,1.0
mp-989192,SnClF ,2.5486,Tetragonal,1.0,0.0
Synthetic,Synthetic,-1.0,Synthetic,0.0,0.0
mp-974307,NdCuTeO,1.476,Tetragonal,0.0,0.0
mp-29403,GaCuI4 ,1.4404,Tetragonal,1.0,1.0
mp-8922,Cd(SbO3)2,1.4136,Trigonal,1.0,1.0
mp-29364,Li5SbO5,2.914,Monoclinic,0.0,1.0
mp-15236,CrSbSe3 ,0.0,Orthorhombic,0.0,0.0
mp-9719,Na2LiAlP2 ,1.992999999999999,Orthorhombic,1.0,1.0
Synthetic,Synthetic,-1.0,Synthetic,0.0,0.0
mp-23713,CaH2 ,3.0275,Orthorhombic,1.0,1.0
mp-3203,NdTaO4 ,3.9439,Monoclinic,1.0,1.0
Synthetic,Synthetic,-1.0,Synthetic,0.0,0.0
mp-15254,Li3AlF6 ,7.7827,Monoclinic,0.0,0.0
mp-5915,TlNO3 ,2.8457,Orthorhombic,0.0,0.0
mp-614603,CsI ,3.8556,Cubic,0.0,0.0
mp-623024,TiCdF6,4.3774,Trigonal,1.0,1.0
mp-6353,Y2Si4CN6 ,3.0876,Monoclinic,1.0,1.0
Synthetic,Synthetic,-1.0,Synthetic,0.0,0.0
mp-13907,CdSnF6 ,3.8568,Trigonal,1.0,1.0
mp-989550,Rb2TlInCl6 ,2.3962,Cubic,0.0,0.0
Synthetic,Synthetic,-1.0,Synthetic,0.0,0.0
mp-551873,Ca4Bi2O ,0.8131,Tetragonal,1.0,1.0
Synthetic,Synthetic,-1.0,Synthetic,0.0,0.0
mp-3614,KTaO3 ,2.0995,Cubic,1.0,1.0
mp-20485,InSe ,0.459,Hexagonal,1.0,1.0
mp-31043,H5NF2 ,6.9008,Orthorhombic,0.0,0.0
mp-5127,LiCuO,1.4376,Tetragonal,1.0,1.0
mp-7714,Li4UO5 ,1.7311,Tetragonal,1.0,1.0
Synthetic,Synthetic,-1.0,Synthetic,0.0,0.0
mp-606393,NbBr3O ,1.9659,Tetragonal,0.0,0.0
mp-665,SnSe2 ,0.7018,Trigonal,0.0,0.0
mp-2245,Si3N4 ,4.654700000000001,Trigonal,1.0,1.0
mp-9371,ErF3 ,7.6163,Orthorhombic,1.0,1.0
mp-3762,VCu3S4 ,1.0358,Cubic,1.0,1.0
Synthetic,Synthetic,-1.0,Synthetic,0.0,0.0
mp-5387,YNbO4 ,3.497499999999999,Monoclinic,1.0,1.0
Synthetic,Synthetic,-1.0,Synthetic,0.0,0.0
mp-2895,Mg2SiO4,4.6395,Orthorhombic,1.0,1.0
Synthetic,Synthetic,-1.0,Synthetic,0.0,1.0
mp-978294,Mg3Sn ,0.0,Cubic,0.0,0.0
mp-7482,RbHgF3,0.6454000000000001,Cubic,0.0,0.0
mp-28782,Na3PS4 ,2.291899999999999,Tetragonal,1.0,1.0
mp-23259,LiBr,4.9234,Cubic,1.0,1.0
mp-978846,SnI2 ,1.1995999999999991,Tetragonal,0.0,0.0
Synthetic,Synthetic,-1.0,Synthetic,0.0,0.0
mp-3887,Li3GaN2 ,2.738699999999999,Cubic,1.0,1.0
mp-2133,ZnO ,0.7227,Hexagonal,1.0,1.0
mp-22607,Zn(InSe2)2,0.9929,Tetragonal,1.0,1.0
mp-23702,LiH2N ,3.135799999999999,Tetragonal,0.0,0.0
Synthetic,Synthetic,-1.0,Synthetic,0.0,0.0
Synthetic,Synthetic,-1.0,Synthetic,0.0,0.0
mp-971712,ZnCdS2 ,1.368599999999999,Tetragonal,0.0,1.0
mp-4104,HoPO4 ,5.9209,Tetragonal,1.0,1.0
mp-12622,SrPdF4 ,1.3251,Tetragonal,1.0,1.0
Synthetic,Synthetic,-1.0,Synthetic,0.0,0.0
Synthetic,Synthetic,-1.0,Synthetic,0.0,0.0
Synthetic,Synthetic,-1.0,Synthetic,0.0,0.0
mp-11022,ScAgO2 ,2.1264,Hexagonal,1.0,1.0
Synthetic,Synthetic,-1.0,Synthetic,0.0,0.0
mp-14827,Li7NbN4 ,3.3964,Cubic,1.0,1.0
mp-8253,Na5ReO6 ,2.247999999999999,Monoclinic,1.0,1.0
mp-2402,NaSi ,1.1286,Monoclinic,1.0,1.0
mp-6764,BaSi2(NO)2,3.0102,Orthorhombic,0.0,0.0
mp-770118,Ba3Ti2O7 ,2.2712,Orthorhombic,0.0,0.0
mp-547244,SrBiClO2 ,3.3015,Orthorhombic,1.0,1.0
mp-23959,KP(HO2)2,5.4325,Orthorhombic,0.0,0.0
mp-28044,TmCl3 ,4.918,Trigonal,1.0,1.0
Synthetic,Synthetic,-1.0,Synthetic,0.0,0.0
mp-3098,AlCuO2,1.8148,Hexagonal,1.0,1.0
mp-754826,CsScO2,2.9595,Cubic,0.0,0.0
mp-989532,Rb2TlInF6 ,3.6593,Cubic,0.0,0.0
Synthetic,Synthetic,-1.0,Synthetic,0.0,0.0
mp-7384,SmF3,7.7298,Orthorhombic,1.0,1.0
mp-4934,Al2SiO5,4.992799999999999,Orthorhombic,1.0,1.0
mp-2452,P2O5 ,5.2021,Orthorhombic,0.0,0.0
Synthetic,Synthetic,-1.0,Synthetic,0.0,0.0
mp-30301,LiClO4,5.7447,Orthorhombic,0.0,0.0
mp-31086,NaP5 ,1.3958,Orthorhombic,1.0,1.0
mp-22898,KI ,3.8513,Cubic,1.0,1.0
Synthetic,Synthetic,-1.0,Synthetic,0.0,0.0
mp-10918,Rb2PdC2 ,1.5802,Trigonal,1.0,1.0
mp-12927,Ba(BeN),1.178999999999999,Tetragonal,1.0,1.0
mp-7064,Er2Si2O7 ,4.798599999999999,Monoclinic,1.0,1.0
mp-10167,Na3SbS4,0.0,Cubic,0.0,0.0
mp-15078,SiO2 ,5.8634,Orthorhombic,0.0,0.0
mp-28980,K3BiSe3 ,2.0759,Cubic,1.0,1.0
Synthetic,Synthetic,-1.0,Synthetic,0.0,0.0
mp-989527,Cs2NaNF6 ,2.797399999999999,Cubic,0.0,0.0
mp-3503,Li6WN4 ,3.057399999999999,Tetragonal,1.0,1.0
Synthetic,Synthetic,-1.0,Synthetic,0.0,0.0
mp-10615,BaLiP ,0.698199999999999,Hexagonal,1.0,1.0
Synthetic,Synthetic,-1.0,Synthetic,0.0,0.0
mp-5122,Na3AlP2 ,1.346,Orthorhombic,1.0,1.0
mp-20832,Zn(InTe2)2,0.8291000000000001,Tetragonal,1.0,1.0
mp-22964,PbClF,3.5519,Tetragonal,1.0,1.0
mp-7469,NaCuO,1.2722,Tetragonal,1.0,1.0
mp-1595,Nb2O5 ,2.171,Monoclinic,0.0,1.0
mp-12803,BaEr2F8 ,7.215,Monoclinic,1.0,1.0
Synthetic,Synthetic,-1.0,Synthetic,0.0,0.0
mp-8881,AlAs ,1.686999999999999,Hexagonal,1.0,1.0
mp-6560,KSO2F ,3.9815,Monoclinic,0.0,0.0
mp-1039, MgTe,2.361199999999999,Hexagonal,1.0,1.0
Synthetic,Synthetic,-1.0,Synthetic,0.0,0.0
mp-2697,SrO2 ,2.8495,Tetragonal,0.0,0.0
mp-3527,Na3AgO2,1.1444,Orthorhombic,1.0,1.0
Synthetic,Synthetic,-1.0,Synthetic,0.0,0.0
Synthetic,Synthetic,-1.0,Synthetic,0.0,0.0
mp-4666,CdSiP2 ,1.4257,Tetragonal,1.0,1.0
Synthetic,Synthetic,-1.0,Synthetic,0.0,0.0
mp-15845,SrLi4N2 ,0.6182000000000001,Tetragonal,1.0,1.0
Synthetic,Synthetic,-1.0,Synthetic,0.0,0.0
mp-5900,Ba2ZrF8,5.9376,Orthorhombic,1.0,1.0
mp-27478,Na3PaF8,4.2399,Tetragonal,1.0,1.0
mp-7922,CaPdF6 ,2.1062,Trigonal,1.0,1.0
Synthetic,Synthetic,-1.0,Synthetic,0.0,0.0
mp-8398,YbCsF3 ,7.0604,Cubic,0.0,0.0
mp-9252, HgS,1.6863,Trigonal,1.0,1.0
mp-9386,CsAu3Se2 ,2.1741,Trigonal,0.0,0.0
mp-8275, CdGeO3,1.4099,Trigonal,1.0,1.0
mp-6980,ScCuS2,0.8709000000000001,Trigonal,1.0,1.0
Synthetic,Synthetic,-1.0,Synthetic,0.0,0.0
mp-753747,Ta3O7F,2.2236,Orthorhombic,0.0,0.0
Synthetic,Synthetic,-1.0,Synthetic,0.0,0.0
mp-754113,TmClO,5.297899999999999,Orthorhombic,0.0,0.0
mp-9610,Li2CN2 ,3.7395,Tetragonal,1.0,1.0
mp-23956,K2MgH4 ,3.4385,Tetragonal,1.0,1.0
mp-573697,CsCl,4.8482,Cubic,1.0,1.0
mp-470,GeO2 ,1.2157,Tetragonal,1.0,1.0
Synthetic,Synthetic,-1.0,Synthetic,0.0,0.0
mp-862871,PbCl2 ,3.1026,Tetragonal,0.0,0.0
mp-23084,BiPbClO2 ,2.073699999999999,Orthorhombic,1.0,1.0
mp-27975,NdBr3,2.9221,Orthorhombic,1.0,1.0
mp-334,LaF3,6.0452,Hexagonal,0.0,0.0
Synthetic,Synthetic,-1.0,Synthetic,0.0,0.0
mp-15777,Zn(GaTe2)2,1.0183,Tetragonal,1.0,1.0
mp-556562,LiAsH6(OF2)3,3.8155,Hexagonal,0.0,0.0
mp-24721,RbH,2.9163,Cubic,1.0,1.0
mp-773137,KCaBi ,0.8270000000000001,Tetragonal,1.0,1.0
mp-861979,Ir2S3 ,1.137699999999999,Trigonal,1.0,1.0
mp-10402,TiTl2F6 ,3.8846,Trigonal,1.0,0.0
Synthetic,Synthetic,-1.0,Synthetic,0.0,0.0
mp-3642,ScCuO2 ,2.3309,Hexagonal,1.0,1.0
mp-5038,CsGaS2 ,3.0626,Monoclinic,1.0,1.0
mp-27831,Rb2ZrCl6 ,3.5620000000000003,Cubic,1.0,1.0
mp-545529,NdBi2ClO4 ,1.1973999999999991,Tetragonal,1.0,1.0
Synthetic,Synthetic,-1.0,Synthetic,0.0,0.0
mp-11019,GaCuO2 ,0.7812999999999991,Hexagonal,1.0,1.0
mp-11695,Rb2Pd3S4 ,1.184899999999999,Orthorhombic,1.0,1.0
Synthetic,Synthetic,-1.0,Synthetic,0.0,0.0
mp-3795,NaZnF3 ,3.7676,Orthorhombic,1.0,1.0
mp-22870,InBr ,1.257099999999999,Orthorhombic,0.0,0.0
Synthetic,Synthetic,-1.0,Synthetic,0.0,0.0
mp-978534,SiGe ,0.4089,Hexagonal,1.0,1.0
mp-11583,Zr2SN2 ,0.5637999999999991,Hexagonal,1.0,1.0
mp-1990,Mg3As2,1.6654,Cubic,1.0,1.0
mp-9010,RbAuS,1.9946,Orthorhombic,1.0,1.0
mp-30952,GaCl3 ,4.1775,Monoclinic,0.0,0.0
mp-2125,TeO2,2.2279,Orthorhombic,0.0,0.0
mp-726,SeO2,3.2874,Tetragonal,0.0,0.0
mp-4163,Ca3Ti2O7,2.5302,Orthorhombic,0.0,0.0
mp-1541,BeSe ,2.663699999999999,Cubic,1.0,1.0
mp-1943,GaSe,1.238699999999999,Hexagonal,1.0,1.0
Synthetic,Synthetic,-1.0,Synthetic,0.0,0.0
mp-540924,NbTeI3 ,0.457799999999999,Monoclinic,0.0,0.0
mp-21374, Cd(InTe2)2,0.8481000000000001,Tetragonal,1.0,1.0
mp-29151,Li5NCl2 ,1.9425,Trigonal,1.0,1.0
mp-22967,Li2FeBr4 ,0.0,Orthorhombic,0.0,0.0
mp-4047,Cs2SiF6 ,6.8901,Cubic,1.0,1.0
Synthetic,Synthetic,-1.0,Synthetic,0.0,0.0
mp-13799,K2NaYF6 ,6.2393,Cubic,0.0,0.0
mp-22882,YbBr2 ,4.4989,Orthorhombic,1.0,0.0
mp-8218,PrAlO3 ,2.8792,Cubic,0.0,0.0
mp-8963,Cs2HgF4,2.0818,Tetragonal,1.0,1.0
Synthetic,Synthetic,-1.0,Synthetic,0.0,0.0
mp-8943,PtF4 ,1.295399999999999,Orthorhombic,0.0,0.0
mp-23261,I2O5 ,2.7278,Monoclinic,0.0,0.0
mp-1714,FeSi2 ,0.6966000000000001,Orthorhombic,1.0,1.0
Synthetic,Synthetic,-1.0,Synthetic,0.0,0.0
mp-8204,LiAlB14 ,0.0,Orthorhombic,1.0,1.0
mp-5836,ThSiO4,4.8900000000000015,Tetragonal,1.0,1.0
mp-569548,CsAuBr3,0.653,Tetragonal,0.0,0.0
mp-570136,CuI ,1.4615,Trigonal,0.0,0.0
mp-8389,Na6ZnS4,2.1581,Hexagonal,1.0,1.0
mp-22975,Rb2TeCl6,2.6398,Cubic,0.0,0.0
mp-571458,RbGeI3,0.554,Cubic,0.0,0.0
mp-38970,Ga2Te3,0.6375000000000001,Monoclinic,0.0,1.0
mp-690785,Na2H6Pt ,3.6156,Cubic,1.0,1.0
mp-27837,NaHF2 ,6.9678,Trigonal,1.0,1.0
mp-9799,Yb4As2O ,0.9593,Tetragonal,1.0,1.0
Synthetic,Synthetic,-1.0,Synthetic,0.0,0.0
mp-6459,CaMg(CO3)2,5.0091,Trigonal,1.0,1.0
Synthetic,Synthetic,-1.0,Synthetic,0.0,0.0
mp-541895,Na2(ReS2)3,1.511299999999999,Monoclinic,1.0,1.0
mp-7938,KNbS2 ,0.812,Hexagonal,1.0,1.0
Synthetic,Synthetic,-1.0,Synthetic,0.0,0.0
mp-581024,CsK2Sb ,0.8633999999999991,Cubic,0.0,0.0
mp-2955,NaMgF3,6.7529,Orthorhombic,1.0,1.0
Synthetic,Synthetic,-1.0,Synthetic,0.0,0.0
mp-7472,RbAuO2,1.4611,Orthorhombic,1.0,1.0
Synthetic,Synthetic,-1.0,Synthetic,0.0,0.0
mp-341,PbF4 ,1.9022,Tetragonal,1.0,0.0
mp-755895,Ba3Zr2O7,2.6976,Tetragonal,1.0,0.0
mp-752401,Rb2ZrO3,3.1281,Monoclinic,0.0,0.0
Synthetic,Synthetic,-1.0,Synthetic,0.0,0.0
Synthetic,Synthetic,-1.0,Synthetic,0.0,0.0
Synthetic,Synthetic,-1.0,Synthetic,0.0,0.0
Synthetic,Synthetic,-1.0,Synthetic,0.0,0.0
Synthetic,Synthetic,-1.0,Synthetic,0.0,0.0
mp-10322,BaHfN2 ,1.2537,Tetragonal,1.0,1.0
mp-961713,ZrSnPt ,0.9627999999999992,Cubic,1.0,1.0
Synthetic,Synthetic,-1.0,Synthetic,0.0,0.0
mp-6058,K2NaScF6 ,6.749700000000001,Cubic,0.0,0.0
mp-984714,AgAsS ,0.0,Orthorhombic,0.0,0.0
mp-7079,CaZrSi2O7 ,4.5532,Monoclinic,0.0,0.0
Synthetic,Synthetic,-1.0,Synthetic,0.0,0.0
mp-3772,Cd(GaSe2)2,1.3487,Tetragonal,1.0,1.0
mp-983565,CuBSe2 ,1.487,Tetragonal,1.0,1.0
mp-2589,MgO2,3.734,Cubic,1.0,1.0
mp-984352,Al2CoOs ,0.0,Cubic,1.0,1.0
Synthetic,Synthetic,-1.0,Synthetic,0.0,0.0
mp-23856,LiHO ,4.0057,Tetragonal,0.0,0.0
Synthetic,Synthetic,-1.0,Synthetic,0.0,0.0
mp-11694,Cs2Pd3Se4 ,0.986699999999999,Orthorhombic,1.0,1.0
mp-11023,ScAuO2 ,1.7796,Hexagonal,1.0,1.0
mp-6951,RbCdF3 ,3.1745,Cubic,0.0,0.0
mp-4829,Na2ThF6 ,6.4738,Trigonal,1.0,1.0
mp-2624,AlSb,1.2255,Cubic,1.0,1.0
mp-759943,Al2O3 ,4.3139,Monoclinic,0.0,0.0
mp-7339,BaSiO3 ,4.5345,Orthorhombic,1.0,0.0
mp-545598,UCdO4 ,1.9644,Orthorhombic,1.0,1.0
mp-754605,LiLuO2 ,4.6174,Tetragonal,0.0,0.0
mp-614013,CsSnI3 ,0.449999999999999,Cubic,0.0,0.0
Synthetic,Synthetic,-1.0,Synthetic,0.0,0.0
mp-3143,Na2SO4 ,4.9709,Orthorhombic,1.0,0.0
mp-6772,CaBe2(PO4)2 ,6.0097,Monoclinic,0.0,0.0
Synthetic,Synthetic,-1.0,Synthetic,0.0,0.0
mp-13816,Cs2NaErF6 ,6.8647,Cubic,1.0,1.0
Synthetic,Synthetic,-1.0,Synthetic,0.0,0.0
mp-5132,YPO4 ,5.8009,Tetragonal,1.0,1.0
Synthetic,Synthetic,-1.0,Synthetic,0.0,0.0
mp-22950,CsNiCl3 ,0.8049000000000001,Hexagonal,0.0,0.0
mp-5558,NaReO4 ,3.615199999999999,Tetragonal,1.0,1.0
mp-11918,Ca(BeN)2,2.0774,Tetragonal,1.0,1.0
mp-22937,Na4I2O,2.2131,Tetragonal,1.0,1.0
mp-23033,Sr2NCl ,1.9398,Trigonal,1.0,1.0
mp-38605,Sn(BiTe2)2,0.4268,Trigonal,1.0,0.0
mp-29750,CsMgBr3 ,4.0445,Hexagonal,1.0,0.0
mp-3159,Al2CdSe4 ,2.004699999999999,Tetragonal,1.0,1.0
mp-23089,SrTa2Bi2O9 ,2.514199999999999,Orthorhombic,0.0,0.0
mp-3370,Y2Sn2O7 ,2.750099999999999,Cubic,1.0,1.0
mp-541899,CsCdBr3,2.901,Hexagonal,0.0,0.0
Synthetic,Synthetic,-1.0,Synthetic,0.0,0.0
mp-24084,KH ,3.433099999999999,Cubic,1.0,1.0
mp-971,K2O ,1.7072,Cubic,1.0,1.0
mp-554822, CsSb(PO4)2,2.958,Trigonal,1.0,0.0
mp-864954,MgMoN2 ,0.7411000000000011,Hexagonal,1.0,1.0
mp-569857,K2P3 ,1.0327,Orthorhombic,1.0,1.0
mp-7589,Mg2NF ,2.127399999999999,Tetragonal,1.0,1.0
mp-3248,TbAsO4,3.6466,Tetragonal,1.0,1.0
mp-866141,TiFe2Si ,0.401599999999998,Cubic,1.0,1.0
mp-8724,K2TeO3 ,3.5774,Trigonal,1.0,1.0
mp-9922,HfS3 ,1.1326,Monoclinic,0.0,0.0
mp-2542,BeO ,7.463900000000001,Hexagonal,1.0,1.0
mp-21521,Cs2PbO3 ,1.3911,Orthorhombic,1.0,1.0
Synthetic,Synthetic,-1.0,Synthetic,0.0,0.0
mp-629015,BN,0.0,Hexagonal,0.0,0.0
mp-3595,ZnSiAs2,0.8866,Tetragonal,1.0,1.0
Synthetic,Synthetic,-1.0,Synthetic,0.0,0.0
mp-35388,LiSmSe2 ,1.5829,Tetragonal,1.0,1.0
Synthetic,Synthetic,-1.0,Synthetic,0.0,0.0
mp-13798, K2NaTlF6,3.6205,Cubic,0.0,0.0
mp-756630,DyAlO3 ,5.723000000000001,Orthorhombic,1.0,1.0
Synthetic,Synthetic,-1.0,Synthetic,0.0,0.0
mp-3934,Cu3PS4 ,1.0202,Orthorhombic,1.0,1.0
mp-8459,CdSO4,2.8625,Orthorhombic,1.0,1.0
mp-27821,Ag3P11,0.8305999999999991,Monoclinic,1.0,1.0
Synthetic,Synthetic,-1.0,Synthetic,0.0,0.0
mp-556075,SrDy2O4 ,3.694199999999999,Orthorhombic,1.0,1.0
Synthetic,Synthetic,-1.0,Synthetic,0.0,0.0
mp-6628,CsCd(NO2)3,2.4366,Trigonal,0.0,0.0
mp-1821,WSe2 ,1.4465,Hexagonal,1.0,1.0
